freedict_entry_id	lemma_id	source_entry_index	headword	entry_key
1	1	37462	w	w
2	1	37463	w	w
3	2	8847	być	być
4	3	23380	nie	nie
5	4	32899	się	się
6	5	15759	i	i
7	6	35927	to	to
8	6	35928	to	to
9	7	39621	z	z
10	7	39622	z	z
11	8	22620	na	na
12	9	25446	on	on
13	10	11121	do	do
14	11	41847	że	że
15	12	35731	ten	ten
16	13	21583	mieć	mieć
17	14	16378	ja	ja
18	15	24479	o	o
19	16	9812	co	co
20	16	9813	co	co
21	16	9814	co	co
22	17	4956	a	a
23	18	19377	który	który
24	19	16432	jak	jak
25	19	16433	jak	jak
26	19	16434	jak	jak
27	19	16435	jak	jak
28	20	35415	tak	tak
29	20	35416	tak	tak
30	21	36655	ty	ty
31	22	5627	ale	ale
32	22	5628	ale	ale
33	22	5629	ale	ale
34	23	22519	móc	móc
35	24	27579	po	po
36	25	39659	za	za
37	26	24821	od	od
38	27	26288	pan	pan
39	28	9233	chcieć	chcieć
40	29	31398	rok	rok
41	30	10402	czy	czy
42	31	38009	wiedzieć	wiedzieć
43	32	22520	mój	mój
44	33	11105	dla	dla
45	34	29919	przez	przez
46	35	16847	już	już
47	36	36677	tylko	tylko
48	37	35422	taki	taki
49	38	7302	bardzo	bardzo
50	39	34428	swój	swój
51	40	22527	mówić	mówić
52	41	22462	my	my
53	42	22415	musieć	musieć
54	43	28672	powiedzieć	powiedzieć
55	44	16576	jeden	jeden
56	44	16577	jeden	jeden
57	44	16578	jeden	jeden
58	45	10474	człowiek	człowiek
59	46	32244	sam	sam
60	47	16099	inny	inny
61	47	16100	inny	inny
62	48	38783	wszystko	wszystko
63	49	36540	tu	tu
64	50	10178	czas	czas
65	51	11175	dobrze	dobrze
66	52	23117	nasz	nasz
67	53	38781	wszystek	wszystek
68	54	8	by	by
69	54	8820	by	by
70	54	8821	by	by
71	55	16709	jeszcze	jeszcze
72	56	11170	dobry	dobry
73	56	11171	dobry	dobry
74	57	30932	raz	raz
75	58	22303	może	może
76	59	12184	dzień	dzień
77	60	9878	coś	coś
78	61	38344	więc	więc
79	61	38345	więc	więc
80	62	33601	sprawa	sprawa
81	63	35790	teraz	teraz
82	64	36650	twój	twój
83	65	27111	pierwszy	pierwszy
84	65	27112	pierwszy	pierwszy
85	66	23369	nic	nic
86	67	40	ony	ony
87	68	11742	dwa	dwa
88	69	17628	kiedy	kiedy
89	70	29519	przed	przed
90	71	28899	praca	praca
91	72	19361	kto	kto
92	72	19362	kto	kto
93	72	19363	kto	kto
94	73	24390	nowy	nowy
95	74	35454	tam	tam
96	75	38033	wielki	wielki
97	76	25645	oraz	oraz
98	77	16456	jaki	jaki
99	78	41856	żeby	żeby
100	79	29299	prosić	prosić
101	80	29961	przy	przy
102	81	9019	cały	cały
103	82	16589	jednak	jednak
104	82	16590	jednak	jednak
105	83	23167	nawet	nawet
106	84	3392	Pani	pani
107	84	3393	Pani	pani
108	84	26316	pani	pani
109	85	22508	myśleć	myśleć
110	86	14173	gdzie	gdzie
111	86	14174	gdzie	gdzie
112	87	31316	robić	robić
113	88	21523	miejsce	miejsce
114	89	37975	widzieć	widzieć
115	90	33893	stać	stać
116	91	28209	polski	polski
117	91	28210	polski	polski
118	92	17566	każdy	każdy
119	93	27723	pod	pod
120	94	25858	osoba	osoba
121	95	14168	gdy	gdy
122	96	42031	żyć	żyć
123	97	12064	dziecko	dziecko
124	98	28697	powinien	powinien
125	99	22307	można	można
126	100	11284	dom	dom
127	101	16460	jakiś	jakiś
128	102	20541	lub	lub
129	103	7578	bez	bez
130	103	7579	bez	bez
131	104	11589	drugi	drugi
132	105	38026	wiele	wiele
133	105	38027	wiele	wiele
134	106	16368	iść	iść
135	107	16463	jako	jako
136	108	34070	strona	strona
137	109	10601	dać	dać
138	110	19375	ktoś	ktoś
139	111	17672	kilka	kilka
140	112	39570	właśnie	właśnie
141	112	39571	właśnie	właśnie
142	113	29004	prawo	prawo
143	114	21494	miasto	miasto
144	115	11108	dlaczego	dlaczego
145	115	11109	dlaczego	dlaczego
146	116	24227	niż	niż
147	116	24228	niż	niż
148	117	18413	koniec	koniec
149	118	41667	świat	świat
150	119	22771	nad	nad
151	120	9378	chodzić	chodzić
152	121	33575	sposób	sposób
153	122	37266	ustawa	ustawa
154	123	32073	również	również
155	124	39246	wysoki	wysoki
156	125	26967	pewny	pewny
157	126	21209	mały	mały
158	127	33844	stary	stary
159	127	33845	stary	stary
160	128	31968	rzecz	rzecz
161	129	41803	żaden	żaden
162	130	40834	znać	znać
163	131	36780	u	u
164	132	40313	zawsze	zawsze
165	132	40314	zawsze	zawsze
166	133	24150	nigdy	nigdy
167	134	9570	chwila	chwila
168	135	38816	wy	wy
169	136	28976	prawda	prawda
170	136	28977	prawda	prawda
171	136	28978	prawda	prawda
172	137	5612	albo	albo
173	138	25885	ostatni	ostatni
174	139	9576	chyba	chyba
175	140	34953	szkoła	szkoła
176	141	36396	trzeba	trzeba
177	142	29333	prosty	prosty
178	143	36429	trzy	trzy
179	144	29148	problem	problem
180	145	24177	nikt	nikt
181	146	41968	życie	życie
182	147	11558	droga	droga
183	148	23006	naprawdę	naprawdę
185	150	17950	kobieta	kobieta
186	151	22940	należeć	należeć
187	152	3440	Państwo	państwo
188	152	26743	państwo	państwo
189	153	38792	wtedy	wtedy
190	154	27055	pieniądz	pieniądz
191	155	32144	ręka	ręka
192	156	25235	ojciec	ojciec
193	157	11738	dużo	dużo
194	158	10519	daleko	daleko
195	159	11110	dlatego	dlatego
196	160	37747	ważny	ważny
197	161	34588	sytuacja	sytuacja
198	162	28598	potem	potem
199	163	10466	część	część
200	164	40875	zobaczyć	zobaczyć
201	165	18228	komisja	komisja
202	166	12242	dzięki	dzięki
203	166	12243	dzięki	dzięki
204	166	12244	dzięki	dzięki
205	167	39562	własny	własny
206	168	14172	gdyby	gdyby
207	169	29372	prowadzić	prowadzić
208	170	40760	zmiana	zmiana
209	171	38951	wyglądać	wyglądać
210	172	18958	kraj	kraj
211	173	10229	czekać	czekać
212	174	10382	czuć	czuć
213	175	25276	oko	oko
214	176	31718	rozumieć	rozumieć
215	177	28251	pomoc	pomoc
216	178	35222	sąd	sąd
217	179	36274	trochę	trochę
218	180	21189	mało	mało
219	181	30545	pójść	pójść
220	182	41157	zły	zły
221	183	15012	głowa	głowa
222	184	18110	kolejny	kolejny
223	185	31375	rodzina	rodzina
224	186	28472	porządek	porządek
225	187	22595	młody	młody
226	187	22596	młody	młody
227	188	11739	duży	duży
228	189	28906	pracować	pracować
229	190	30788	rada	rada
230	191	35311	słowo	słowo
231	192	14456	godzina	godzina
232	193	16732	jeżeli	jeżeli
233	194	6072	ani	ani
234	194	6073	ani	ani
235	195	14747	grupa	grupa
236	196	41619	środek	środek
237	197	30618	późno	późno
238	198	9051	cel	cel
240	200	10458	często	często
241	201	29461	przecież	przecież
242	202	21764	minister	minister
243	203	37347	uważać	uważać
244	204	40808	znaczyć	znaczyć
246	206	38917	wydawać	wydawać
247	207	16044	informacja	informacja
248	208	26281	pamiętać	pamiętać
249	209	28497	poseł	poseł
250	210	21552	miesiąc	miesiąc
251	211	11157	dobro	dobro
252	212	15004	głos	głos
253	213	27770	podczas	podczas
254	214	30534	pytać	pytać
255	215	29207	program	program
256	216	15874	im	im
257	217	35155	szybko	szybko
258	218	30104	przypadek	przypadek
259	219	36674	tyle	tyle
260	220	38986	wyjść	wyjść
261	221	21894	między	między
262	222	32046	rząd	rząd
263	223	29218	projekt	projekt
264	224	28622	potrzebować	potrzebować
265	225	32270	samochód	samochód
266	226	12047	działać	działać
267	227	40561	zespół	zespół
268	228	33776	stan	stan
269	229	35354	słyszeć	słyszeć
270	230	10407	czyli	czyli
271	231	7065	aż	aż
272	231	7066	aż	aż
273	232	34575	system	system
274	233	20842	mama	mama
275	234	17970	kochać	kochać
276	235	21146	matka	matka
277	236	28749	powód	powód
278	237	15851	ile	ile
279	237	15852	ile	ile
280	238	36660	tydzień	tydzień
281	239	24235	noc	noc
282	240	20544	lubić	lubić
283	241	28759	poza	poza
284	241	28760	poza	poza
285	242	32124	różny	różny
286	243	39118	wynik	wynik
287	244	16453	jakby	jakby
288	244	16454	jakby	jakby
289	245	14654	grać	grać
290	246	31917	rynek	rynek
293	248	40159	zasada	zasada
294	249	37771	wcześnie	wcześnie
295	250	22305	możliwość	możliwość
296	251	38402	woda	woda
297	252	14929	góra	góra
298	253	38391	wniosek	wniosek
299	254	30446	punkt	punkt
300	255	35714	temat	temat
301	256	12130	dziewczyna	dziewczyna
302	257	10644	decyzja	decyzja
303	258	40675	ziemia	ziemia
304	259	28305	ponieważ	ponieważ
305	260	22581	mężczyzna	mężczyzna
306	261	23465	niech	niech
307	262	8478	brać	brać
308	263	30532	pytanie	pytanie
309	264	36886	udział	udział
311	266	21580	mieszkać	mieszkać
312	267	39552	władza	władza
313	268	12207	dzisiaj	dzisiaj
314	269	28138	policja	policja
315	270	31608	rozmowa	rozmowa
316	271	30244	próbować	próbować
317	272	22503	myśl	myśl
318	273	11350	dopiero	dopiero
319	274	38475	wojna	wojna
320	275	27715	początek	początek
321	276	16323	istnieć	istnieć
322	277	33589	społeczny	społeczny
323	278	24495	oba	oba
324	279	12291	długo	długo
325	280	32593	senator	senator
326	281	28295	ponad	ponad
327	282	15505	historia	historia
328	283	35122	szukać	szukać
329	284	30037	przyjaciel	przyjaciel
330	285	30069	przykład	przykład
331	286	27278	pisać	pisać
332	287	28912	pracownik	pracownik
333	288	16574	jechać	jechać
334	289	38852	wybór	wybór
335	290	5451	akcja	akcja
336	291	19322	książka	książka
337	292	23627	niektóry	niektóry
338	293	37699	warunek	warunek
340	295	37046	umowa	umowa
342	297	13486	film	film
343	298	21578	mieszkaniec	mieszkaniec
344	299	22849	nadzieja	nadzieja
346	301	25299	okres	okres
347	302	32901	siła	siła
348	303	36992	ulica	ulica
349	304	29128	prezydent	prezydent
350	305	28996	prawie	prawie
351	306	31601	rozmawiać	rozmawiać
352	307	40423	zbyt	zbyt
353	307	40424	zbyt	zbyt
354	308	41915	żona	żona
355	309	12040	dziać	dziać
356	310	26964	pewno	pewno
357	311	7254	bank	bank
358	312	38015	wiek	wiek
359	313	21779	minuta	minuta
360	314	16667	jedyny	jedyny
361	315	28614	potrafić	potrafić
362	316	28986	prawdziwy	prawdziwy
363	317	28354	poprawka	poprawka
364	318	36717	tysiąc	tysiąc
365	319	34501	syn	syn
366	320	27464	plan	plan
367	321	17843	klient	klient
368	322	15048	główny	główny
370	324	37232	urząd	urząd
371	325	29125	prezes	prezes
372	326	38583	wracać	wracać
373	327	21248	mecz	mecz
374	328	13927	fundusz	fundusz
375	329	28087	pokój	pokój
376	330	17896	klub	klub
377	331	34669	szansa	szansa
378	332	26960	pewnie	pewnie
379	332	26961	pewnie	pewnie
380	332	26962	pewnie	pewnie
381	333	30935	razem	razem
382	334	23202	nazywać	nazywać
383	335	30402	publiczny	publiczny
384	336	23108	następny	następny
385	337	27909	podstawa	podstawa
386	338	36398	trzeci	trzeci
387	339	11935	dyrektor	dyrektor
388	340	10470	członek	członek
390	342	27369	piękny	piękny
391	343	16529	jasny	jasny
392	344	39777	zaczynać	zaczynać
393	345	41133	złoty	złoty
394	345	41134	złoty	złoty
395	346	12289	długi	długi
396	347	28792	poznać	poznać
397	348	38134	wierzyć	wierzyć
398	349	9083	cena	cena
401	352	36788	ubezpieczenie	ubezpieczenie
403	354	20246	liczyć	liczyć
404	355	8459	brat	brat
405	356	39918	zakład	zakład
406	357	18796	koszt	koszt
407	358	39137	wypadek	wypadek
409	360	32796	siedzieć	siedzieć
410	361	9636	ciało	ciało
411	362	10356	cztery	cztery
412	363	11652	drzwi	drzwi
414	365	12044	działalność	działalność
415	366	32633	serce	serce
416	367	26981	pełny	pełny
417	368	30773	racja	racja
418	369	33793	stanowić	stanowić
419	370	31782	ruch	ruch
420	371	36632	twarz	twarz
421	372	35225	sądzić	sądzić
422	373	39417	wzgląd	wzgląd
423	374	12046	działanie	działanie
424	375	14576	gra	gra
426	377	35798	teren	teren
427	378	34796	szef	szef
428	379	8184	bliski	bliski
429	380	34209	stąd	stąd
430	381	37794	według	według
432	383	33577	spotkanie	spotkanie
433	384	21735	mimo	mimo
434	385	21964	miłość	miłość
435	386	18922	kościół	kościół
436	387	28618	potrzeba	potrzeba
437	388	24780	ochrona	ochrona
438	389	25220	ogół	ogół
439	390	35052	szpital	szpital
440	391	22985	napisać	napisać
441	392	14551	gotowy	gotowy
442	393	22774	nadal	nadal
443	394	20217	liczba	liczba
444	395	40126	zaraz	zaraz
446	397	37615	walka	walka
447	398	38400	wobec	wobec
448	399	39895	zakres	zakres
449	400	38003	wieczór	wieczór
450	401	31356	rodzaj	rodzaj
451	402	37765	wciąż	wciąż
452	403	13175	fakt	fakt
453	403	13176	fakt	fakt
454	404	22096	moment	moment
456	406	33792	stanowisko	stanowisko
457	407	36344	trwać	trwać
458	408	14573	gość	gość
459	409	20034	lekarz	lekarz
461	411	9615	chłopiec	chłopiec
463	413	28193	polityczny	polityczny
464	414	39854	zajmować	zajmować
465	415	36641	twierdzić	twierdzić
467	417	36320	trudno	trudno
468	418	13152	facet	facet
469	419	33682	spółka	spółka
470	420	35670	telefon	telefon
471	421	13706	forma	forma
472	422	37718	wasz	wasz
473	423	11468	dość	dość
474	423	11469	dość	dość
475	424	10518	daleki	daleki
476	425	37773	wczoraj	wczoraj
477	425	37774	wczoraj	wczoraj
480	427	14626	granica	granica
481	428	29160	proces	proces
482	429	26073	oznaczać	oznaczać
483	430	28782	poziom	poziom
485	432	33140	skąd	skąd
487	434	38516	wolny	wolny
488	435	7111	badanie	badanie
489	436	25001	odpowiedź	odpowiedź
490	437	11226	dojść	dojść
491	438	25263	okazja	okazja
492	439	28286	pomyśleć	pomyśleć
493	440	22562	mąż	mąż
494	441	27382	pięć	pięć
495	442	40867	znowu	znowu
496	443	8536	broń	broń
497	444	1010	Czarny	czarny
498	444	10155	czarny	czarny
499	444	10156	czarny	czarny
500	445	10431	czytać	czytać
501	446	31410	rola	rola
504	449	24417	numer	numer
505	450	11248	dokument	dokument
506	451	27858	podobny	podobny
507	452	36471	trzymać	trzymać
508	453	40445	zdać	zdać
509	454	41760	źle	źle
510	455	33795	stanąć	stanąć
511	456	30783	raczej	raczej
512	457	38688	wspólny	wspólny
514	459	24250	noga	noga
516	461	40152	zarząd	zarząd
517	462	9725	cieszyć	cieszyć
519	464	40013	zanim	zanim
520	465	24526	obecnie	obecnie
521	466	36322	trudny	trudny
526	471	11255	dokładnie	dokładnie
527	472	9611	chłopak	chłopak
528	473	669	Biały	biały
529	473	7883	biały	biały
530	473	7884	biały	biały
531	474	9767	ciąg	ciąg
532	475	16838	jutro	jutro
533	475	16839	jutro	jutro
534	476	39270	wystarczyć	wystarczyć
535	477	16871	język	język
536	478	21533	miejski	miejski
538	480	27911	podstawowy	podstawowy
539	481	35101	sztuka	sztuka
540	482	17631	kiedyś	kiedyś
541	483	28820	połowa	połowa
542	484	40345	zaś	zaś
543	485	21017	marszałek	marszałek
544	486	18089	kolega	kolega
545	487	11616	drużyna	drużyna
546	488	40114	zapytać	zapytać
547	489	40619	zgodnie	zgodnie
548	490	24528	obecny	obecny
549	491	33992	stosunek	stosunek
551	493	33549	spokój	spokój
552	494	28500	posiadać	posiadać
554	496	15976	inaczej	inaczej
557	499	19691	kwestia	kwestia
558	500	39565	właściciel	właściciel
559	501	36649	tworzyć	tworzyć
560	502	17775	klasa	klasa
562	504	27752	podać	podać
564	506	35477	tamten	tamten
565	507	19041	krew	krew
566	508	25538	opinia	opinia
567	509	37913	wiadomość	wiadomość
568	510	35339	służba	służba
569	511	12226	dziwny	dziwny
571	513	33451	specjalny	specjalny
572	514	36697	typ	typ
573	515	8130	biuro	biuro
574	516	41638	środowisko	środowisko
575	517	28723	powrót	powrót
576	518	20366	lista	lista
577	519	27122	pies	pies
578	520	39072	wymagać	wymagać
579	521	21716	milion	milion
580	522	22916	najpierw	najpierw
581	523	16184	interes	interes
582	524	8665	budowa	budowa
583	525	33437	spać	spać
584	526	28529	postać	postać
585	527	9666	ciekawy	ciekawy
586	528	16638	jednostka	jednostka
587	529	25272	okno	okno
590	532	37754	wchodzić	wchodzić
591	533	9110	centrum	centrum
592	534	30113	przypominać	przypominać
593	535	31329	robota	robota
594	536	41671	światło	światło
595	537	25567	opowiadać	opowiadać
598	540	14146	gazeta	gazeta
599	541	10483	córka	córka
600	542	30046	przyjechać	przyjechać
601	543	24993	odpowiadać	odpowiadać
602	544	39566	właściwie	właściwie
603	544	39567	właściwie	właściwie
604	545	31368	rodzice	rodzice
605	546	33020	skoro	skoro
606	547	41750	święty	święty
607	547	41751	święty	święty
608	548	15010	głosować	głosować
609	549	37911	wiadomo	wiadomo
610	550	36081	towarzystwo	towarzystwo
611	551	33979	stopień	stopień
612	552	40435	zdanie	zdanie
614	554	30892	rano	rano
615	554	30893	rano	rano
616	555	24994	odpowiedni	odpowiedni
617	556	37435	używać	używać
618	557	34935	szkoda	szkoda
619	557	34936	szkoda	szkoda
620	558	18447	konkurs	konkurs
622	560	16721	jeść	jeść
623	561	20181	leżeć	leżeć
624	562	20356	list	list
626	564	35581	tata	tata
627	565	41073	zwłaszcza	zwłaszcza
628	566	28620	potrzebny	potrzebny
629	567	8185	blisko	blisko
630	568	39465	wówczas	wówczas
632	570	10187	czasem	czasem
634	572	8892	bądź	bądź
635	572	8893	bądź	bądź
637	574	23199	nazwisko	nazwisko
638	575	6968	autor	autor
639	576	29900	przewodniczyć	przewodniczyć
640	577	28800	pozwalać	pozwalać
641	578	38776	wszelki	wszelki
642	579	8938	błąd	błąd
646	582	26705	patrzeć	patrzeć
651	586	36863	uczyć	uczyć
652	587	40443	zdawać	zdawać
653	588	15958	impreza	impreza
654	589	18519	kontakt	kontakt
655	590	38675	wspaniały	wspaniały
656	591	23151	nauka	nauka
657	592	9443	chory	chory
658	592	9444	chory	chory
660	594	22450	muzyka	muzyka
661	595	18733	korzystać	korzystać
662	596	38586	wraz	wraz
663	597	21503	miał	miał
664	598	10599	dawny	dawny
665	599	9770	ciągle	ciągle
666	600	14536	gospodarka	gospodarka
667	601	20564	ludzki	ludzki
668	602	32858	silny	silny
670	604	39974	zamierzać	zamierzać
672	606	40232	zatem	zatem
673	606	40233	zatem	zatem
674	607	17650	kierunek	kierunek
675	608	24194	niski	niski
676	609	27743	podatek	podatek
677	610	28105	pole	pole
678	611	30643	płacić	płacić
679	612	40260	zauważyć	zauważyć
680	613	33641	sprzedaż	sprzedaż
681	614	32878	siostra	siostra
682	615	11562	drogi	drogi
683	616	39942	zależeć	zależeć
684	617	40813	znajdować	znajdować
687	620	11445	dowód	dowód
688	621	7730	bezpieczeństwo	bezpieczeństwo
690	623	32986	sklep	sklep
691	624	41049	zwrócić	zwrócić
692	625	32605	sens	sens
695	627	28803	pozycja	pozycja
696	628	21028	martwić	martwić
697	629	39569	właściwy	właściwy
698	630	41167	ów	ów
699	631	40157	zarówno	zarówno
700	632	40299	zawodowy	zawodowy
701	633	22887	nagroda	nagroda
702	634	26541	partia	partia
703	635	40318	zawód	zawód
705	637	39450	wzrost	wzrost
706	638	28662	poważny	poważny
707	639	23197	nazwa	nazwa
708	640	29174	produkt	produkt
709	641	39780	zadanie	zadanie
710	642	32835	sieć	sieć
712	644	41280	łatwo	łatwo
713	645	27664	pochodzić	pochodzić
715	647	34724	szczególnie	szczególnie
716	648	37050	umrzeć	umrzeć
717	649	23651	niemiecki	niemiecki
718	649	23652	niemiecki	niemiecki
719	650	20306	linia	linia
720	651	29278	proponować	proponować
721	652	38213	wina	wina
722	653	24895	oddział	oddział
726	657	17643	kierować	kierować
727	658	32946	skarb	skarb
728	659	37692	warto	warto
729	660	21969	miły	miły
730	660	21970	miły	miły
734	663	39011	wykonywać	wykonywać
735	664	41766	źródło	źródło
736	665	22878	nagle	nagle
737	666	33990	stosować	stosować
739	668	40764	zmieniać	zmieniać
741	670	37953	widać	widać
743	672	19726	kwota	kwota
744	673	28140	policjant	policjant
745	674	25154	ofiara	ofiara
747	676	18887	koło	koło
748	676	18888	koło	koło
749	677	25176	oglądać	oglądać
751	679	18095	kolej	kolej
752	680	9412	choroba	choroba
753	681	19919	las	las
754	682	38008	wiedza	wiedza
755	683	29282	propozycja	propozycja
756	684	26965	pewność	pewność
757	685	23149	nauczyciel	nauczyciel
758	686	32592	senat	senat
759	687	21143	materiał	materiał
761	689	18913	kończyć	kończyć
762	690	28039	pojechać	pojechać
763	691	27347	pić	pić
764	692	11260	dolar	dolar
766	694	40277	zawierać	zawierać
767	695	16265	inwestycja	inwestycja
768	696	30241	próba	próba
770	698	12398	efekt	efekt
773	701	29985	przychodzić	przychodzić
774	702	24764	ocena	ocena
776	704	39285	występować	występować
777	705	30061	przykro	przykro
778	706	34177	styczeń	styczeń
779	707	5844	amerykański	amerykański
780	708	19559	kurwa	kurwa
781	708	19560	kurwa	kurwa
782	709	13930	funkcja	funkcja
783	710	21577	mieszkanie	mieszkanie
784	711	39206	wyrok	wyrok
785	712	41928	żołnierz	żołnierz
787	714	41407	łódź	łódź
788	715	21831	mistrz	mistrz
789	716	29465	przeciw	przeciw
790	717	11234	dokonać	dokonać
792	719	29423	prywatny	prywatny
796	723	10275	czerwony	czerwony
797	723	10276	czerwony	czerwony
798	724	31738	rozwiązanie	rozwiązanie
799	725	19062	krok	krok
800	726	36766	tłumaczyć	tłumaczyć
802	728	31217	reszta	reszta
804	730	20522	los	los
805	731	40816	znak	znak
806	732	17347	karta	karta
807	733	40295	zawodnik	zawodnik
808	734	27421	piłka	piłka
809	735	19263	krótki	krótki
810	736	29542	przedmiot	przedmiot
811	737	28982	prawdopodobnie	prawdopodobnie
812	738	40450	zdecydować	zdecydować
814	740	12253	dzwonić	dzwonić
815	741	32424	scena	scena
816	742	40604	zgadzać	zgadzać
817	743	30864	rama	rama
819	745	18298	komputer	komputer
820	746	8866	były	były
821	746	8867	były	były
822	747	25147	oferta	oferta
823	748	40805	znacznie	znacznie
824	749	40996	zwierzę	zwierzę
826	751	30000	przyczyna	przyczyna
829	754	33151	składać	składać
832	757	39967	zamiast	zamiast
833	757	39968	zamiast	zamiast
834	758	15032	głupi	głupi
835	759	31858	ruszać	ruszać
836	760	11677	duch	duch
837	761	9792	ciężki	ciężki
840	764	16140	instytucja	instytucja
841	765	34794	szczęśliwy	szczęśliwy
842	766	39686	zabawa	zabawa
843	767	17644	kierowca	kierowca
844	768	40608	zginąć	zginąć
845	769	11971	dyskusja	dyskusja
847	771	20332	lipiec	lipiec
848	772	33541	spojrzeć	spojrzeć
850	774	38713	współpraca	współpraca
851	775	28364	poprzedni	poprzedni
852	776	28219	pomagać	pomagać
853	777	21423	metoda	metoda
854	778	33583	społeczeństwo	społeczeństwo
855	779	33546	spokojnie	spokojnie
856	779	33547	spokojnie	spokojnie
857	780	23485	nieco	nieco
858	780	23486	nieco	nieco
861	783	11643	drzewo	drzewo
863	785	11197	dodawać	dodawać
865	787	14180	gdzieś	gdzieś
866	788	36962	układ	układ
867	789	26284	pamięć	pamięć
868	790	31986	rzeczywiście	rzeczywiście
869	790	31987	rzeczywiście	rzeczywiście
870	791	37036	umieć	umieć
871	792	34314	suma	suma
872	793	24802	oczekiwać	oczekiwać
873	794	38498	woleć	woleć
874	795	38663	wskazywać	wskazywać
875	796	39197	wyraźnie	wyraźnie
876	797	40198	zastanawiać	zastanawiać
877	798	39250	wysoko	wysoko
878	799	30176	przyszły	przyszły
879	800	23142	natychmiast	natychmiast
880	801	24999	odpowiedzialność	odpowiedzialność
881	802	12264	dół	dół
883	804	39985	zamknąć	zamknąć
884	805	19015	kredyt	kredyt
885	806	35349	służyć	służyć
886	807	24327	nosić	nosić
887	808	25665	organ	organ
890	810	21913	międzynarodowy	międzynarodowy
891	811	28795	pozostawać	pozostawać
892	812	6638	artykuł	artykuł
894	814	39575	włos	włos
896	816	28245	pomiędzy	pomiędzy
897	817	8999	całkiem	całkiem
898	818	39821	zagraniczny	zagraniczny
901	821	20255	liga	liga
902	822	26141	pacjent	pacjent
903	823	33148	skład	skład
905	825	41061	zwykle	zwykle
906	826	37896	wewnętrzny	wewnętrzny
907	827	25526	opieka	opieka
908	828	5335	agent	agent
910	830	29083	premier	premier
911	831	40068	zapis	zapis
913	833	28686	powietrze	powietrze
914	834	24617	obowiązywać	obowiązywać
915	835	7395	bawić	bawić
916	836	21436	metr	metr
920	839	34207	stół	stół
924	843	41605	średni	średni
925	844	41700	świetny	świetny
927	846	36683	tymczasem	tymczasem
928	846	36684	tymczasem	tymczasem
929	846	36685	tymczasem	tymczasem
930	847	22020	mocno	mocno
931	848	19320	ksiądz	ksiądz
933	850	38932	wydział	wydział
934	851	24690	obszar	obszar
935	852	24636	obrona	obrona
936	853	39861	zajęcie	zajęcie
938	855	25171	ogień	ogień
939	856	33153	składka	składka
940	857	34025	strata	strata
941	858	3438	Pański	pański
942	858	26740	pański	pański
943	858	26741	pański	pański
945	860	37917	wiara	wiara
946	861	33856	statek	statek
948	863	23456	niebo	niebo
951	866	10596	dawno	dawno
952	867	39906	zakup	zakup
954	869	37863	wersja	wersja
955	870	28798	pozostały	pozostały
956	871	6789	atak	atak
957	872	26753	październik	październik
958	873	12208	dzisiejszy	dzisiejszy
960	875	35233	sędzia	sędzia
961	876	36854	uczestnik	uczestnik
962	877	39822	zagrać	zagrać
963	878	30871	ramię	ramię
964	879	26216	palec	palec
966	881	16469	jakoś	jakoś
968	883	35319	słońce	słońce
969	884	31380	rodzinny	rodzinny
970	885	41661	świadek	świadek
971	886	30720	płyta	płyta
972	887	40464	zdjąć	zdjąć
973	888	25622	opłata	opłata
974	889	30970	realizacja	realizacja
976	891	24519	obcy	obcy
977	891	24520	obcy	obcy
978	892	24859	odbywać	odbywać
979	893	19705	kwiecień	kwiecień
980	894	25587	oprócz	oprócz
981	895	40149	zarzut	zarzut
982	896	40064	zapewniać	zapewniać
983	897	17228	kara	kara
984	898	23647	niemal	niemal
985	899	5512	akt	akt
986	900	38493	wokół	wokół
987	901	32823	sierpień	sierpień
988	902	31984	rzeczywistość	rzeczywistość
989	903	15865	ilość	ilość
990	904	26370	papier	papier
991	905	28055	pokazywać	pokazywać
992	906	8276	bohater	bohater
993	907	11238	doktor	doktor
994	908	41486	ślad	ślad
995	909	12794	energia	energia
997	911	34188	styl	styl
998	912	33976	stopa	stopa
999	913	30052	przyjmować	przyjmować
1003	916	41670	światowy	światowy
1004	917	40832	znany	znany
1006	919	5195	adres	adres
1007	920	33899	stały	stały
1008	921	18906	koń	koń
1009	922	18797	kosztować	kosztować
1010	923	31460	rosnąć	rosnąć
1011	924	36834	uciekać	uciekać
1013	926	38369	wkrótce	wkrótce
1014	927	27896	podróż	podróż
1017	930	33880	stawać	stawać
1018	931	32687	sezon	sezon
1019	932	8880	ból	ból
1023	936	39378	wyłącznie	wyłącznie
1025	938	10412	czynić	czynić
1027	940	38505	wolno	wolno
1028	940	38506	wolno	wolno
1029	941	34725	szczególny	szczególny
1030	942	33578	spotykać	spotykać
1031	943	38824	wybierać	wybierać
1033	945	12182	dzieło	dzieło
1035	947	38681	wspominać	wspominać
1036	948	28708	powodować	powodować
1037	949	25280	okolica	okolica
1039	951	31950	ryzyko	ryzyko
1040	952	10392	czwarty	czwarty
1041	953	28923	pragnąć	pragnąć
1042	954	33885	stawiać	stawiać
1043	955	25863	osobisty	osobisty
1045	957	28741	powtarzać	powtarzać
1054	966	23551	niedziela	niedziela
1055	967	16729	jeździć	jeździć
1058	970	29234	prokuratura	prokuratura
1059	971	40910	zostawać	zostawać
1060	972	8448	bramka	bramka
1062	974	41742	święto	święto
1064	976	40815	znajomy	znajomy
1067	979	33656	sprzęt	sprzęt
1068	980	20491	lokalny	lokalny
1070	982	35401	tajemnica	tajemnica
1071	983	5331	agencja	agencja
1072	984	30055	przyjęcie	przyjęcie
1073	985	12126	dziesięć	dziesięć
1075	987	36853	uczestniczyć	uczestniczyć
1077	989	41052	zwycięstwo	zwycięstwo
1078	990	34950	szkolny	szkolny
1079	991	10428	czysty	czysty
1080	992	7733	bezpieczny	bezpieczny
1082	994	6903	auto	auto
1085	997	11727	dusza	dusza
1088	1000	11466	doświadczenie	doświadczenie
1089	1001	6599	armia	armia
1090	1002	11182	dochodzić	dochodzić
1091	1003	28661	poważnie	poważnie
1092	1004	40671	zielony	zielony
1093	1004	40672	zielony	zielony
1094	1005	25518	operacja	operacja
1098	1009	35251	słaby	słaby
1100	1011	39740	zachowanie	zachowanie
1103	1014	29578	przedstawiać	przedstawiać
1107	1018	29455	przechodzić	przechodzić
1108	1019	9005	całkowicie	całkowicie
1109	1020	12057	dzieciak	dzieciak
1110	1021	29034	prawy	prawy
1114	1025	36078	towar	towar
1116	1027	33637	sprzedawać	sprzedawać
1118	1029	18154	kolor	kolor
1120	1031	40617	zgoda	zgoda
1121	1032	8846	bywać	bywać
1122	1033	15635	hotel	hotel
1125	1036	28934	praktyka	praktyka
1126	1037	16458	jakikolwiek	jakikolwiek
1127	1038	23138	naturalny	naturalny
1128	1039	29232	prokurator	prokurator
1130	1041	11412	dostęp	dostęp
1131	1042	33563	sport	sport
1133	1044	37087	uniwersytet	uniwersytet
1134	1045	8273	bogaty	bogaty
1135	1046	13992	gadać	gadać
1136	1047	16186	interesować	interesować
1137	1048	40804	znaczenie	znaczenie
1141	1052	5957	analiza	analiza
1142	1053	26546	partner	partner
1143	1054	28029	poinformować	poinformować
1144	1055	41063	zwykły	zwykły
1146	1057	3581	Południe	południe
1147	1057	28829	południe	południe
1148	1058	8798	but	but
1149	1059	30769	rachunek	rachunek
1154	1064	24527	obecność	obecność
1156	1066	31051	region	region
1157	1067	30217	przyznawać	przyznawać
1158	1068	5712	alkohol	alkohol
1159	1069	16209	internetowy	internetowy
1162	1071	6044	angielski	angielski
1163	1071	6045	angielski	angielski
1166	1074	31116	relacja	relacja
1168	1076	34121	strzelać	strzelać
1169	1077	29839	przestępstwo	przestępstwo
1170	1078	13814	francuski	francuski
1171	1078	13815	francuski	francuski
1172	1079	24678	obserwować	obserwować
1173	1080	28693	powieść	powieść
1176	1083	31468	rosyjski	rosyjski
1177	1083	31469	rosyjski	rosyjski
1179	1085	27231	piosenka	piosenka
1180	1086	18439	konkretny	konkretny
1181	1087	9473	chronić	chronić
1182	1088	7400	baza	baza
1185	1091	9795	ciężko	ciężko
1186	1092	22234	morze	morze
1190	1095	25282	okoliczność	okoliczność
1192	1097	38911	wydarzenie	wydarzenie
1194	1099	17530	kawałek	kawałek
1195	1100	32743	siedem	siedem
1196	1101	39724	zachodni	zachodni
1197	1102	36093	tracić	tracić
1200	1105	28402	poradzić	poradzić
1203	1108	28631	potwierdzić	potwierdzić
1204	1109	39744	zachowywać	zachowywać
1206	1111	17515	kawa	kawa
1208	1113	20172	lewy	lewy
1210	1115	27344	piątek	piątek
1211	1116	36595	turniej	turniej
1213	1118	30899	raport	raport
1215	1120	38969	wyjazd	wyjazd
1216	1121	24529	obejmować	obejmować
1220	1125	17965	kochanie	kochanie
1221	1125	17966	kochanie	kochanie
1223	1127	6644	artysta	artysta
1225	1129	22039	model	model
1226	1130	37185	uratować	uratować
1230	1134	12998	etap	etap
1231	1135	38322	wizyta	wizyta
1232	1136	11363	dopóki	dopóki
1234	1138	35624	techniczny	techniczny
1239	1143	4766	Zachód	zachód
1240	1143	39750	zachód	zachód
1241	1144	38913	wydatek	wydatek
1242	1145	26970	pełnia	pełnia
1244	1147	30794	radio	radio
1245	1148	21265	medyczny	medyczny
1247	1150	41570	śmieć	śmieć
1248	1150	41571	śmieć	śmieć
1250	1152	14713	grozić	grozić
1251	1153	36098	tradycja	tradycja
1252	1154	23854	nieruchomość	nieruchomość
1254	1156	27820	podkreślać	podkreślać
1256	1158	17648	kierownik	kierownik
1258	1160	17901	klucz	klucz
1259	1161	34006	strach	strach
1260	1162	37768	wczesny	wczesny
1264	1166	39561	własność	własność
1266	1168	21029	martwy	martwy
1267	1169	40376	zbierać	zbierać
1269	1171	31988	rzeka	rzeka
1271	1173	41597	śpiewać	śpiewać
1274	1176	34022	straszny	straszny
1275	1177	9712	cierpieć	cierpieć
1276	1178	14209	generał	generał
1279	1181	27067	pieprzyć	pieprzyć
1282	1184	24967	odnieść	odnieść
1283	1185	38337	wiązać	wiązać
1284	1186	28002	pogląd	pogląd
1285	1187	37234	urządzenie	urządzenie
1286	1188	11402	dostawać	dostawać
1287	1189	16472	jakość	jakość
1289	1191	17302	kariera	kariera
1290	1192	19398	kuchnia	kuchnia
1292	1194	38787	wszędzie	wszędzie
1294	1196	9595	chętnie	chętnie
1295	1197	18419	konieczny	konieczny
1297	1199	8320	boleć	boleć
1304	1206	18418	konieczność	konieczność
1305	1207	30829	radzić	radzić
1307	1209	30030	przygotowywać	przygotowywać
1311	1211	38628	wróg	wróg
1313	1213	8014	bilet	bilet
1315	1215	24765	oceniać	oceniać
1316	1216	39844	zainteresować	zainteresować
1318	1218	24320	nos	nos
1321	1221	12071	dziedzina	dziedzina
1322	1222	7929	biedny	biedny
1324	1224	18325	komórka	komórka
1326	1226	15009	głosowanie	głosowanie
1327	1227	25157	oficer	oficer
1328	1228	19698	kwiat	kwiat
1330	1230	36815	ucho	ucho
1332	1232	21214	małżeństwo	małżeństwo
1334	1234	10635	decydować	decydować
1335	1235	7080	babcia	babcia
1336	1236	15134	handlowy	handlowy
1337	1237	5176	administracja	administracja
1340	1240	21108	maszyna	maszyna
1341	1241	18102	kolejka	kolejka
1346	1245	30486	pusty	pusty
1347	1246	40490	zdrowy	zdrowy
1349	1248	10090	cywilny	cywilny
1351	1250	27444	plac	plac
1353	1252	37031	umiejętność	umiejętność
1356	1255	12421	ego	ego
1357	1256	29170	producent	producent
1358	1257	28049	pojęcie	pojęcie
1359	1258	41286	łatwy	łatwy
1360	1259	40727	zjawisko	zjawisko
1362	1261	37034	umierać	umierać
1363	1262	40522	zechcieć	zechcieć
1366	1265	36730	tył	tył
1368	1267	8528	bronić	bronić
1371	1270	38156	wieść	wieść
1373	1272	38697	współczesny	współczesny
1375	1274	36350	tryb	tryb
1378	1277	21529	miejscowy	miejscowy
1379	1277	21530	miejscowy	miejscowy
1380	1278	38588	wrażenie	wrażenie
1381	1279	40509	zdążyć	zdążyć
1382	1280	39984	zamknięty	zamknięty
1383	1281	22858	nadzór	nadzór
1385	1283	35227	sąsiad	sąsiad
1391	1289	5557	akurat	akurat
1392	1289	5558	akurat	akurat
1393	1289	5559	akurat	akurat
1394	1290	19379	któryś	któryś
1396	1292	14331	gimnazjum	gimnazjum
1397	1293	20041	lekcja	lekcja
1398	1294	10579	data	data
1399	1295	7937	bieg	bieg
1400	1296	25997	otrzymywać	otrzymywać
1401	1297	7922	biec	biec
1404	1300	12077	dzielić	dzielić
1405	1301	32670	serwis	serwis
1406	1302	6915	autobus	autobus
1407	1303	31176	reprezentować	reprezentować
1412	1308	31872	ryba	ryba
1417	1313	30877	rana	rana
1421	1317	36956	ukrywać	ukrywać
1423	1319	41977	życzyć	życzyć
1429	1324	39961	zamek	zamek
1431	1326	22984	napis	napis
1433	1328	31572	rozkaz	rozkaz
1434	1329	18534	kontrakt	kontrakt
1435	1330	24963	odnaleźć	odnaleźć
1436	1331	31421	rolnik	rolnik
1440	1335	39698	zabijać	zabijać
1441	1336	28376	popularny	popularny
1443	1338	37261	usta	usta
1444	1339	35489	tani	tani
1445	1340	26342	panować	panować
1448	1342	19357	kształt	kształt
1449	1343	37335	utrzymywać	utrzymywać
1451	1345	24661	obrót	obrót
1452	1346	24871	odcinek	odcinek
1453	1347	40448	zdecydowanie	zdecydowanie
1454	1348	12737	emocja	emocja
1456	1350	8307	bok	bok
1457	1351	31367	rodzic	rodzic
1460	1354	24698	obudzić	obudzić
1462	1356	35851	test	test
1463	1357	36847	uczelnia	uczelnia
1465	1359	32532	seks	seks
1466	1360	17709	kino	kino
1468	1362	20752	majątek	majątek
1470	1364	9032	cecha	cecha
1472	1366	40489	zdrowotny	zdrowotny
1473	1367	29157	procedura	procedura
1474	1368	10301	czoło	czoło
1475	1369	18553	kontrolować	kontrolować
1476	1370	8288	boisko	boisko
1477	1371	32795	siedziba	siedziba
1478	1372	40394	zbliżać	zbliżać
1479	1373	29447	przebywać	przebywać
1482	1376	25929	ostry	ostry
1484	1378	14528	gorący	gorący
1485	1379	37052	umysł	umysł
1486	1380	17367	kartka	kartka
1488	1382	35771	teoria	teoria
1490	1384	27346	piąty	piąty
1492	1386	39282	występ	występ
1495	1389	27829	podlegać	podlegać
1501	1395	27514	plecy	plecy
1505	1399	24530	obejrzeć	obejrzeć
1508	1402	28304	poniedziałek	poniedziałek
1510	1404	30954	reakcja	reakcja
1512	1406	8602	brzeg	brzeg
1513	1407	13520	finał	finał
1520	1412	40440	zdarzenie	zdarzenie
1521	1413	15193	hasło	hasło
1526	1418	11394	doskonały	doskonały
1529	1421	39690	zabawny	zabawny
1531	1423	38456	wojenny	wojenny
1533	1425	19332	księga	księga
1537	1429	12383	edukacja	edukacja
1538	1430	36859	uczucie	uczucie
1540	1432	37416	uśmiech	uśmiech
1544	1436	28454	poruszać	poruszać
1545	1437	28502	posiedzenie	posiedzenie
1549	1441	31933	rysunek	rysunek
1550	1442	6571	argument	argument
1551	1443	22448	muzyczny	muzyczny
1552	1444	9727	cień	cień
1553	1445	24182	nim	nim
1554	1446	9695	ciemny	ciemny
1556	1448	9842	codziennie	codziennie
1558	1450	28949	prasa	prasa
1559	1451	25061	odszkodowanie	odszkodowanie
1560	1452	35874	teza	teza
1563	1455	12484	ekipa	ekipa
1564	1456	13069	euro	euro
1567	1459	30099	przynosić	przynosić
1568	1460	13195	fala	fala
1569	1461	39449	wzrok	wzrok
1570	1462	21820	misja	misja
1576	1468	29485	przeciwnik	przeciwnik
1577	1469	11746	dwadzieścia	dwadzieścia
1579	1471	9753	cisza	cisza
1580	1471	9754	cisza	cisza
1582	1473	30027	przygotowanie	przygotowanie
1587	1478	40586	zeszły	zeszły
1591	1481	19993	leczyć	leczyć
1594	1484	37923	wiatr	wiatr
1596	1486	4677	Wschód	wschód
1597	1486	38656	wschód	wschód
1599	1488	40772	zmierzać	zmierzać
1601	1490	39078	wymiana	wymiana
1604	1493	25883	ostateczny	ostateczny
1605	1494	34779	szczyt	szczyt
1606	1495	20638	lód	lód
1610	1499	17035	kamera	kamera
1611	1500	31965	rzadko	rzadko
1612	1501	7906	biblioteka	biblioteka
1613	1502	28746	powtórzyć	powtórzyć
1618	1506	12041	dział	dział
1620	1508	35224	sądowy	sądowy
1622	1510	12433	egzamin	egzamin
1626	1514	25864	osobiście	osobiście
1627	1515	24643	obrońca	obrońca
1629	1517	25568	opowieść	opowieść
1630	1518	24551	obiecywać	obiecywać
1631	1519	12553	ekspert	ekspert
1633	1521	39841	zainteresowanie	zainteresowanie
1635	1523	38352	więzienie	więzienie
1637	1525	7743	bezpośrednio	bezpośrednio
1638	1526	6817	atmosfera	atmosfera
1639	1527	8446	brama	brama
1640	1528	28812	pozytywny	pozytywny
1641	1529	14132	gaz	gaz
1648	1536	37339	utwór	utwór
1650	1538	21250	medal	medal
1651	1539	29633	przejmować	przejmować
1653	1541	33402	spadek	spadek
1654	1542	29487	przeciwny	przeciwny
1655	1543	25191	ograniczenie	ograniczenie
1656	1544	25206	ogród	ogród
1661	1548	41581	śnieg	śnieg
1664	1551	39457	wzór	wzór
1666	1553	31279	rezultat	rezultat
1668	1555	27646	pobyt	pobyt
1669	1556	28574	poszukiwać	poszukiwać
1673	1560	23865	niesamowity	niesamowity
1674	1561	35257	słodki	słodki
1677	1564	35626	technika	technika
1679	1566	39106	wymyślić	wymyślić
1681	1568	29120	prezent	prezent
1683	1570	15127	handel	handel
1684	1571	39466	wóz	wóz
1685	1572	28060	pokolenie	pokolenie
1686	1573	34109	strzał	strzał
1687	1574	11462	dołączyć	dołączyć
1689	1576	17630	kiedykolwiek	kiedykolwiek
1690	1577	24121	niezwykły	niezwykły
1691	1578	27118	pierś	pierś
1692	1579	19232	krzyż	krzyż
1693	1580	33890	stawka	stawka
1695	1582	27532	plik	plik
1701	1588	12320	dźwięk	dźwięk
1703	1590	28648	potężny	potężny
1704	1591	38839	wybrany	wybrany
1705	1591	38840	wybrany	wybrany
1706	1592	8146	biznes	biznes
1707	1593	25881	ostatecznie	ostatecznie
1708	1594	12049	działka	działka
1711	1597	38358	więzić	więzić
1713	1599	41496	śledztwo	śledztwo
1714	1600	40405	zbrodnia	zbrodnia
1717	1603	24863	odchodzić	odchodzić
1718	1604	38568	wprawdzie	wprawdzie
1719	1605	19423	kula	kula
1721	1607	13141	fabryka	fabryka
1723	1609	19754	kłamać	kłamać
1724	1610	38994	wykazać	wykazać
1727	1613	23050	narkotyk	narkotyk
1728	1614	11376	dorosły	dorosły
1729	1614	11377	dorosły	dorosły
1730	1615	40698	zimny	zimny
1731	1616	9597	chęć	chęć
1738	1622	36889	udzielać	udzielać
1741	1625	13981	gabinet	gabinet
1742	1626	22484	mylić	mylić
1743	1627	37813	wejście	wejście
1746	1630	11706	dupa	dupa
1748	1632	38314	wizja	wizja
1751	1635	6560	aresztować	aresztować
1752	1636	34021	strasznie	strasznie
1754	1638	34655	szalony	szalony
1756	1640	25843	oskarżony	oskarżony
1758	1642	26729	pałac	pałac
1762	1646	27630	pobliże	pobliże
1769	1653	27777	poddać	poddać
1770	1654	29000	prawnik	prawnik
1771	1655	32555	sektor	sektor
1775	1659	37012	ulubiony	ulubiony
1776	1660	39186	wypłata	wypłata
1777	1661	18205	komendant	komendant
1779	1663	39242	wysiłek	wysiłek
1782	1666	26384	papież	papież
1792	1676	38682	wspomnienie	wspomnienie
1794	1678	21053	masa	masa
1795	1678	21054	masa	masa
1796	1679	37973	widzenie	widzenie
1797	1680	24996	odpowiednio	odpowiednio
1798	1681	31059	regulamin	regulamin
1799	1682	28852	połączenie	połączenie
1800	1683	23554	niedługo	niedługo
1804	1687	26577	pas	pas
1805	1687	26578	pas	pas
1806	1688	20525	lot	lot
1807	1689	27468	planeta	planeta
1811	1693	13166	fajny	fajny
1816	1697	22008	mnóstwo	mnóstwo
1822	1703	30890	ranny	ranny
1823	1704	18953	kradzież	kradzież
1824	1705	17652	kieszeń	kieszeń
1829	1710	38983	wyjście	wyjście
1830	1711	37156	uprawnienie	uprawnienie
1831	1712	11431	dotykać	dotykać
1834	1715	41109	złodziej	złodziej
1835	1716	19952	lato	lato
1837	1718	41828	żart	żart
1838	1719	39863	zajęty	zajęty
1842	1723	17685	kilometr	kilometr
1843	1724	23883	niespodzianka	niespodzianka
1847	1728	32102	równy	równy
1852	1733	32306	samotny	samotny
1856	1737	40594	zewnętrzny	zewnętrzny
1859	1740	15056	głęboko	głęboko
1862	1743	16187	interesujący	interesujący
1863	1744	32856	silnik	silnik
1865	1746	25674	organizm	organizm
1866	1747	29371	prowadzenie	prowadzenie
1867	1748	25541	opis	opis
1870	1751	32551	seksualny	seksualny
1877	1757	34747	szczerze	szczerze
1879	1759	22053	modlitwa	modlitwa
1884	1763	37795	weekend	weekend
1885	1764	15060	ha	ha
1887	1766	20043	lekki	lekki
1888	1767	14588	gracz	gracz
1889	1768	36680	tym	tym
1892	1771	9898	cud	cud
1893	1772	41562	śmieszny	śmieszny
1898	1776	12515	ekran	ekran
1899	1777	24470	nóż	nóż
1905	1783	40801	zmęczony	zmęczony
1906	1784	11698	dumny	dumny
1911	1788	26971	pełnić	pełnić
1912	1789	27699	poczta	poczta
1913	1790	28844	południowy	południowy
1914	1791	37236	urządzić	urządzić
1915	1792	30041	przyjaciółka	przyjaciółka
1917	1794	20971	marka	marka
1918	1795	36083	towarzysz	towarzysz
1920	1797	33223	smutny	smutny
1925	1802	23104	nastrój	nastrój
1930	1807	19374	ktokolwiek	ktokolwiek
1935	1812	40911	zostawiać	zostawiać
1940	1817	24109	nieznany	nieznany
1941	1818	19740	kąt	kąt
1942	1819	12210	dziura	dziura
1946	1823	41128	złoto	złoto
1947	1824	20934	mapa	mapa
1950	1827	28452	porucznik	porucznik
1951	1828	16938	kadra	kadra
1952	1829	30401	publiczność	publiczność
1956	1833	39130	wyobrażać	wyobrażać
1959	1836	27196	pilnować	pilnować
1971	1848	38573	wprowadzenie	wprowadzenie
1972	1849	40337	załoga	załoga
1976	1853	30235	przód	przód
1978	1855	37327	utrata	utrata
1982	1859	22202	morderstwo	morderstwo
1991	1868	39944	zależność	zależność
1998	1875	35444	talent	talent
1999	1876	20689	magazyn	magazyn
2003	1880	18807	kot	kot
2005	1882	41416	łącznie	łącznie
2013	1890	35412	tajny	tajny
2016	1893	40557	zerwać	zerwać
2017	1894	38581	wpływać	wpływać
2023	1900	37967	widoczny	widoczny
2026	1903	32951	skarga	skarga
2030	1907	9609	chłop	chłop
2032	1909	25190	ograniczać	ograniczać
2033	1910	11447	dowódca	dowódca
2034	1911	22574	męski	męski
2045	1921	19471	kumpel	kumpel
2048	1924	38562	wpisać	wpisać
2051	1927	40621	zgodny	zgodny
2056	1932	41843	żałować	żałować
2057	1933	40471	zdolny	zdolny
2058	1934	14799	grzech	grzech
2061	1937	32453	schody	schody
2062	1938	9986	cykl	cykl
2064	1940	31488	rower	rower
2066	1942	39006	wykonanie	wykonanie
2068	1944	38286	wisieć	wisieć
2072	1948	38231	wino	wino
2079	1954	29712	przemoc	przemoc
2080	1955	28573	poszukiwanie	poszukiwanie
2081	1956	41179	ćwiczenie	ćwiczenie
2082	1957	39314	wytrzymać	wytrzymać
2086	1961	24242	nocny	nocny
2088	1963	39680	zaangażować	zaangażować
2089	1964	29084	premiera	premiera
2093	1968	36833	ucieczka	ucieczka
2098	1973	35720	temperatura	temperatura
2101	1976	27162	pijany	pijany
2102	1976	27163	pijany	pijany
2104	1978	30973	realny	realny
2106	1980	38971	wyjaśnienie	wyjaśnienie
2109	1983	24055	niezależnie	niezależnie
2112	1986	40128	zarazem	zarazem
2113	1987	26114	oświadczenie	oświadczenie
2116	1990	25546	opisywać	opisywać
2119	1993	35726	tempo	tempo
2120	1994	32526	sekcja	sekcja
2123	1997	37214	urodziny	urodziny
2124	1998	40205	zastrzelić	zastrzelić
2125	1999	28425	porozumienie	porozumienie
2126	2000	38950	wygląd	wygląd
2131	2005	40694	zimno	zimno
2132	2005	40695	zimno	zimno
2133	2006	30182	przysługiwać	przysługiwać
2136	2009	40814	znajomość	znajomość
2141	2014	40640	zgubić	zgubić
2142	2015	24945	odległość	odległość
2146	2018	28142	policyjny	policyjny
2153	2025	36802	ubranie	ubranie
2155	2027	31602	rozmiar	rozmiar
2156	2028	8125	bitwa	bitwa
2157	2029	7000	awans	awans
2158	2030	13338	fałszywy	fałszywy
2165	2037	30588	północny	północny
2166	2038	39997	zamówić	zamówić
2167	2039	32230	salon	salon
2173	2045	41294	łazienka	łazienka
2175	2047	20535	lotnisko	lotnisko
2176	2048	33005	skok	skok
2184	2056	13190	faktycznie	faktycznie
2185	2056	13191	faktycznie	faktycznie
2187	2058	34141	strój	strój
2191	2062	37982	wiec	wiec
2196	2067	13768	fotografia	fotografia
2198	2069	22199	morderca	morderca
2204	2075	38157	wieża	wieża
2207	2077	20649	lęk	lęk
2209	2079	18209	komentarz	komentarz
2211	2081	38665	wskaźnik	wskaźnik
2221	2091	23683	nienawidzić	nienawidzić
2224	2094	9694	ciemność	ciemność
2225	2095	6839	atrakcyjny	atrakcyjny
2227	2097	34693	szary	szary
2228	2098	36028	tor	tor
2229	2099	5524	aktualny	aktualny
2230	2100	35589	tatuś	tatuś
2232	2102	41182	ćwiczyć	ćwiczyć
2237	2107	37061	umówić	umówić
2242	2111	24369	nowo	nowo
2244	2113	39517	węgiel	węgiel
2246	2115	38230	winny	winny
2247	2116	30025	przygoda	przygoda
2256	2125	12287	dług	dług
2259	2128	30266	prędkość	prędkość
2261	2130	34830	szeroko	szeroko
2262	2131	39171	wyprawa	wyprawa
2265	2134	25248	ojczyzna	ojczyzna
2266	2135	37102	upadek	upadek
2267	2136	31076	rejestr	rejestr
2273	2142	28868	pośrednictwo	pośrednictwo
2274	2143	20552	lud	lud
2276	2145	5544	aktywność	aktywność
2284	2152	28747	powyżej	powyżej
2285	2153	19758	kłamstwo	kłamstwo
2290	2158	40758	zmarły	zmarły
2293	2161	5221	adwokat	adwokat
2296	2164	39864	zajść	zajść
2297	2165	33075	skrzydło	skrzydło
2299	2167	39718	zabójstwo	zabójstwo
2300	2168	41053	zwycięzca	zwycięzca
2302	2170	20829	malować	malować
2314	2182	16142	instytut	instytut
2316	2184	24078	niezbyt	niezbyt
2317	2185	5054	absolutnie	absolutnie
2322	2190	12387	edycja	edycja
2326	2193	19344	księżyc	księżyc
2336	2202	36646	tworzenie	tworzenie
2339	2205	28092	pokład	pokład
2346	2212	40250	zatrzymywać	zatrzymywać
2348	2214	41227	ładnie	ładnie
2352	2218	20148	lewa	lewa
2355	2221	10833	denerwować	denerwować
2356	2222	14455	godny	godny
2367	2233	11190	doczekać	doczekać
2376	2242	36503	trójka	trójka
2377	2243	28434	portfel	portfel
2379	2245	24941	odkąd	odkąd
2382	2248	12063	dzieciństwo	dzieciństwo
2392	2258	16322	istnienie	istnienie
2393	2259	32896	siódmy	siódmy
2396	2262	14023	galeria	galeria
2400	2266	28008	pogotowie	pogotowie
2410	2276	36209	trawa	trawa
2413	2279	27199	pilot	pilot
2414	2280	36738	tędy	tędy
2418	2284	20554	ludność	ludność
2422	2288	25924	ostrożnie	ostrożnie
2424	2290	31502	rozbić	rozbić
2432	2298	33966	stolik	stolik
2433	2299	35707	telewizor	telewizor
2438	2304	32267	samochodowy	samochodowy
2442	2308	33863	status	status
2445	2311	7351	basen	basen
2453	2319	40047	zapalić	zapalić
2458	2324	31342	rocznie	rocznie
2462	2327	22037	moda	moda
2464	2329	8129	biurko	biurko
2474	2339	9790	ciężarówka	ciężarówka
2476	2341	38676	wsparcie	wsparcie
2480	2345	31332	robotnik	robotnik
2483	2348	11257	dokładny	dokładny
2484	2349	41468	ścigać	ścigać
2493	2357	29581	przedstawienie	przedstawienie
2494	2358	27947	podwójny	podwójny
2498	2362	27507	plaża	plaża
2500	2364	27716	początkowo	początkowo
2501	2365	31340	rocznica	rocznica
2503	2367	21705	miliard	miliard
2509	2373	19272	krąg	krąg
2512	2376	18798	koszula	koszula
2518	2381	28428	port	port
2520	2383	27987	poezja	poezja
2521	2384	11767	dworzec	dworzec
2522	2385	39987	zamordować	zamordować
2529	2392	24046	niewątpliwie	niewątpliwie
2532	2395	9652	cichy	cichy
2537	2400	36089	tożsamość	tożsamość
2541	2404	32082	równocześnie	równocześnie
2542	2405	38313	wizerunek	wizerunek
2546	2409	29735	przenosić	przenosić
2547	2410	13868	front	front
2550	2413	10055	cytat	cytat
2553	2416	41271	łaska	łaska
2558	2420	4519	WWW	www
2559	2420	38815	www	www
2574	2435	27004	piasek	piasek
2576	2437	23004	naprawa	naprawa
2579	2440	38204	wilk	wilk
2581	2442	30144	przysięgać	przysięgać
2586	2447	12089	dziennie	dziennie
2599	2460	23768	niepokój	niepokój
2605	2466	33765	stale	stale
2617	2477	37690	warta	warta
2618	2478	19800	laboratorium	laboratorium
2620	2480	9915	cukier	cukier
2626	2485	9787	ciężar	ciężar
2628	2487	19603	kwalifikacja	kwalifikacja
2635	2494	16522	jasno	jasno
2642	2501	9054	cela	cela
2645	2504	24891	oddech	oddech
2647	2506	39216	wyrwać	wyrwać
2654	2513	28014	pogrzeb	pogrzeb
2659	2518	40810	znaczący	znaczący
2664	2522	24566	obietnica	obietnica
2680	2537	40257	zaufanie	zaufanie
2685	2542	28312	ponowny	ponowny
2688	2545	28726	powstanie	powstanie
2691	2548	16214	interpretacja	interpretacja
2694	2551	41103	zło	zło
2698	2555	25751	orzeczenie	orzeczenie
2706	2563	19988	leczenie	leczenie
2707	2564	32719	siadać	siadać
2713	2570	41482	ściśle	ściśle
2718	2575	41303	łeb	łeb
2722	2579	25224	ogłoszenie	ogłoszenie
2725	2582	8450	bramkarz	bramkarz
2726	2583	29648	przekaz	przekaz
2729	2586	38530	worek	worek
2733	2590	19095	krowa	krowa
2740	2596	15597	honor	honor
2745	2601	21740	mina	mina
2746	2602	28375	popularność	popularność
2750	2606	19215	krzyk	krzyk
2752	2608	25159	oficjalnie	oficjalnie
2753	2609	25761	orzeł	orzeł
2754	2610	21569	mieszać	mieszać
2758	2614	29823	przestawać	przestawać
2768	2623	11865	dwójka	dwójka
2772	2626	6983	autostrada	autostrada
2781	2635	37785	wdzięczny	wdzięczny
2795	2649	17968	kochany	kochany
2796	2649	17969	kochany	kochany
2802	2655	25028	odrobina	odrobina
2805	2657	39144	wypełniać	wypełniać
2807	2659	32649	serial	serial
2817	2669	26601	pasja	pasja
2819	2671	19250	królestwo	królestwo
2826	2678	22980	napastnik	napastnik
2831	2683	16419	jajko	jajko
2833	2685	14555	gotówka	gotówka
2834	2686	29700	przemiana	przemiana
2840	2692	27740	podanie	podanie
2841	2693	33638	sprzedawca	sprzedawca
2843	2695	21262	medycyna	medycyna
2844	2696	30641	płaca	płaca
2852	2704	12554	eksperyment	eksperyment
2856	2708	34298	sukienka	sukienka
2857	2709	40227	zasługa	zasługa
2860	2712	23912	nieszczęście	nieszczęście
2862	2714	8615	brzuch	brzuch
2863	2715	32097	równowaga	równowaga
2864	2716	29862	przesłuchanie	przesłuchanie
2867	2719	6535	archiwum	archiwum
2871	2723	28878	pożarny	pożarny
2874	2726	10899	deska	deska
2875	2727	41290	ławka	ławka
2880	2732	18777	kostka	kostka
2886	2738	23378	niczym	niczym
2887	2738	23379	niczym	niczym
2888	2739	40172	zasięg	zasięg
2889	2740	29607	przegląd	przegląd
2890	2741	39010	wykonywanie	wykonywanie
2892	2743	25495	opanować	opanować
2904	2755	23014	naprzód	naprzód
2905	2755	23015	naprzód	naprzód
2907	2757	15051	głąb	głąb
2908	2758	21233	mebel	mebel
2909	2759	12741	emocjonalny	emocjonalny
2918	2768	20033	lekarstwo	lekarstwo
2926	2776	12108	dziesiątka	dziesiątka
2927	2777	40055	zapas	zapas
2928	2778	17908	kluczowy	kluczowy
2929	2779	11143	doba	doba
2931	2781	23494	niedaleko	niedaleko
2935	2785	40242	zatrudnienie	zatrudnienie
2941	2791	32406	satysfakcja	satysfakcja
2945	2795	39549	władca	władca
2946	2796	18787	kosz	kosz
2948	2798	39996	zamówienie	zamówienie
2950	2800	18616	kopia	kopia
2952	2802	11487	dramat	dramat
2957	2807	18170	kolumna	kolumna
2959	2809	40117	zapłata	zapłata
2975	2824	37391	uznanie	uznanie
2977	2826	23096	nastawić	nastawić
2978	2827	12074	dzieje	dzieje
2980	2829	22970	napad	napad
2982	2831	9633	ciasto	ciasto
2983	2832	35250	słabość	słabość
2984	2833	33220	smutek	smutek
3002	2851	28702	powiązać	powiązać
3007	2856	35432	taksówka	taksówka
3012	2861	19997	ledwo	ledwo
3013	2861	19998	ledwo	ledwo
3014	2861	19999	ledwo	ledwo
3016	2863	23783	niepotrzebny	niepotrzebny
3020	2867	16124	instrukcja	instrukcja
3025	2872	20604	lustro	lustro
3027	2874	21691	mila	mila
3030	2877	37376	uzasadniony	uzasadniony
3033	2880	11955	dysk	dysk
3042	2889	40218	zaszczyt	zaszczyt
3045	2892	19994	ledwie	ledwie
3046	2892	19995	ledwie	ledwie
3047	2892	19996	ledwie	ledwie
3050	2895	40538	zemsta	zemsta
3051	2896	30686	płeć	płeć
3053	2898	25914	ostro	ostro
3057	2902	10533	dama	dama
3060	2905	22593	młodość	młodość
3063	2908	14454	godność	godność
3069	2913	29478	przeciwieństwo	przeciwieństwo
3070	2914	39855	zajrzeć	zajrzeć
3072	2916	28443	portret	portret
3080	2924	35334	słusznie	słusznie
3081	2924	35335	słusznie	słusznie
3083	2926	9711	cierpienie	cierpienie
3084	2927	18607	kopać	kopać
3085	2928	20695	magia	magia
3091	2934	32640	serdecznie	serdecznie
3092	2935	22873	nagi	nagi
3095	2938	33988	stosowanie	stosowanie
3099	2942	39041	wykształcić	wykształcić
3113	2956	40274	zawiadomić	zawiadomić
3117	2960	23068	naruszenie	naruszenie
3118	2961	5588	alarm	alarm
3127	2970	8319	bolesny	bolesny
3128	2971	28073	pokrywać	pokrywać
3144	2987	31894	rycerz	rycerz
3148	2990	38664	wskazówka	wskazówka
3153	2995	23020	napój	napój
3156	2998	33094	skrót	skrót
3157	2999	22504	myślenie	myślenie
3158	3000	30400	publicznie	publicznie
3170	3012	41062	zwyknąć	zwyknąć
3171	3013	38214	winda	winda
3172	3014	41553	śmierdzieć	śmierdzieć
3176	3018	9736	cios	cios
3181	3023	34173	stwierdzenie	stwierdzenie
3185	3027	14643	gratulacja	gratulacja
3194	3036	41509	śliczny	śliczny
3203	3045	12733	emisja	emisja
3209	3051	30565	półka	półka
3212	3054	27383	pięćdziesiąt	pięćdziesiąt
3213	3055	30706	płuco	płuco
3214	3056	38361	więź	więź
3217	3059	20436	liść	liść
3223	3064	28208	polować	polować
3228	3069	38956	wygodny	wygodny
3229	3070	29886	przeważnie	przeważnie
3230	3071	22885	nagranie	nagranie
3232	3073	28330	poparcie	poparcie
3236	3077	25210	ogólnie	ogólnie
3239	3080	39448	wzrastać	wzrastać
3248	3089	33753	stado	stado
3257	3098	5811	ambicja	ambicja
3259	3100	28983	prawdopodobny	prawdopodobny
3269	3109	23766	niepokoić	niepokoić
3270	3110	15037	głupota	głupota
3272	3112	10325	czterdzieści	czterdzieści
3276	3115	21391	metal	metal
3285	3124	18508	konsultacja	konsultacja
3289	3128	33034	skończony	skończony
3297	3136	28643	potęga	potęga
3306	3145	39360	wyzwanie	wyzwanie
3307	3146	36331	trup	trup
3311	3149	39700	zabity	zabity
3313	3151	13946	funt	funt
3317	3155	36803	ubrany	ubrany
3320	3158	36568	tunel	tunel
3326	3164	22990	napięcie	napięcie
3330	3168	36679	tylny	tylny
3335	3173	21932	miękki	miękki
3346	3184	19777	kłócić	kłócić
3348	3186	8506	broda	broda
3358	3196	32305	samotność	samotność
3363	3201	27687	pocisk	pocisk
3377	3214	14714	groźba	groźba
3384	3221	19514	kurczak	kurczak
3387	3224	20813	malarz	malarz
3392	3229	27811	podjęcie	podjęcie
3393	3230	40382	zbiornik	zbiornik
3401	3238	27784	podejrzenie	podejrzenie
3405	3242	24049	niewłaściwy	niewłaściwy
3410	3247	41723	świt	świt
3444	3281	15209	hałas	hałas
3446	3283	40601	zezwolenie	zezwolenie
3452	3289	32105	róża	róża
3460	3297	24966	odniesienie	odniesienie
3471	3308	39038	wykształcenie	wykształcenie
3473	3310	23183	nawzajem	nawzajem
3484	3321	40790	zmysł	zmysł
3502	3339	28517	post	post
3505	3342	33760	stal	stal
3510	3347	18802	koszulka	koszulka
3519	3356	17534	kawiarnia	kawiarnia
3522	3359	40515	zebranie	zebranie
3554	3390	9716	cierpliwość	cierpliwość
3559	3395	40524	zegar	zegar
3566	3402	7229	banda	banda
3569	3405	10430	czytanie	czytanie
3574	3410	29994	przyciągać	przyciągać
3577	3413	41575	śniadanie	śniadanie
3593	3429	18718	korupcja	korupcja
3596	3432	27367	piękno	piękno
3600	3436	19736	kąpiel	kąpiel
3602	3438	40780	zmniejszać	zmniejszać
3605	3441	14053	gang	gang
3617	3453	16992	kalendarz	kalendarz
3624	3459	29096	presja	presja
3629	3464	20489	lokalizacja	lokalizacja
3640	3475	14873	gust	gust
3650	3484	12910	era	era
3651	3485	15790	identyczny	identyczny
3670	3504	17866	klinika	klinika
3675	3509	26132	pachnieć	pachnieć
3676	3510	29441	przebić	przebić
3680	3514	35445	talerz	talerz
3688	3522	15929	imperium	imperium
3690	3524	27458	plama	plama
3695	3529	12371	echo	echo
3697	3531	18362	kondycja	kondycja
3712	3546	22111	moneta	moneta
3726	3560	41418	łączność	łączność
3730	3564	25967	oszustwo	oszustwo
3732	3566	17395	kaseta	kaseta
3746	3579	36879	udo	udo
3761	3594	25099	odwrotnie	odwrotnie
3766	3599	14418	gniazdo	gniazdo
3769	3602	9778	ciąć	ciąć
3770	3603	6659	as	as
3781	3614	29925	przeznaczenie	przeznaczenie
3783	3616	7417	bałagan	bałagan
3801	3634	10427	czystość	czystość
3804	3637	41578	śniadać	śniadać
3805	3638	9688	ciemno	ciemno
3816	3648	18248	kompania	kompania
3840	3672	27933	poduszka	poduszka
3853	3685	41916	żonaty	żonaty
3865	3696	29956	przodek	przodek
3868	3699	22922	nakazywać	nakazywać
3871	3702	30924	ratunek	ratunek
3874	3705	19580	kuzyn	kuzyn
3884	3715	13639	flota	flota
3894	3725	40324	zazdrosny	zazdrosny
3898	3729	14529	gorączka	gorączka
3905	3736	37989	wiecznie	wiecznie
3921	3752	30006	przydatny	przydatny
3938	3769	36312	troszkę	troszkę
3945	3776	37204	uroczy	uroczy
3950	3781	20297	lina	lina
3958	3789	7121	bagaż	bagaż
3968	3798	41257	łapa	łapa
3972	3802	25553	opona	opona
3973	3803	22954	namiot	namiot
3978	3808	27058	pieprz	pieprz
3986	3816	37971	widownia	widownia
4006	3833	14898	gwałt	gwałt
4009	3835	38700	współczuć	współczuć
4012	3838	23065	narta	narta
4013	3839	41152	złożenie	złożenie
4015	3841	20408	litr	litr
4042	3866	38396	wnuk	wnuk
4046	3870	30674	płatność	płatność
4047	3871	14572	gościć	gościć
4049	3873	40741	zlecenie	zlecenie
4053	3877	7557	bestia	bestia
4073	3896	19680	kwatera	kwatera
4084	3907	39399	wzajemnie	wzajemnie
4092	3915	28700	powiązanie	powiązanie
4096	3919	28615	potrawa	potrawa
4098	3921	35499	tanio	tanio
4113	3936	30710	płyn	płyn
4115	3938	27345	piątka	piątka
4127	3950	19291	kręgosłup	kręgosłup
4131	3954	11757	dwieście	dwieście
4137	3960	36297	tron	tron
4146	3969	40236	zatoka	zatoka
4188	4011	37170	uprzejmy	uprzejmy
4192	4015	35767	teoretycznie	teoretycznie
4195	4018	27855	podobieństwo	podobieństwo
4218	4040	21540	mienie	mienie
4227	4048	39678	zaangażowanie	zaangażowanie
4233	4054	21699	mile	mile
4239	4060	11726	dusić	dusić
4252	4071	35916	tlen	tlen
4254	4073	25308	okropnie	okropnie
4285	4104	34111	strzała	strzała
4307	4126	25579	oprogramowanie	oprogramowanie
4308	4127	24920	odgłos	odgłos
4313	4131	37777	wdowa	wdowa
4315	4133	7076	ba	ba
4316	4133	7077	ba	ba
4317	4133	7078	ba	ba
4338	4154	24653	obrzydliwy	obrzydliwy
4339	4155	33833	starość	starość
4362	4178	28822	położenie	położenie
4363	4179	30510	pułk	pułk
4376	4192	8836	bynajmniej	bynajmniej
4377	4192	8837	bynajmniej	bynajmniej
4388	4203	25770	osa	osa
4397	4212	37689	wart	wart
4413	4228	21776	minus	minus
4414	4228	21777	minus	minus
4423	4237	40326	zazdrość	zazdrość
4433	4247	32071	równać	równać
4441	4255	28491	posada	posada
4458	4271	15942	imponujący	imponujący
4465	4278	28630	potwierdzenie	potwierdzenie
4466	4279	28590	pot	pot
4471	4284	38296	witamina	witamina
4478	4291	34625	szafka	szafka
4480	4293	37970	widowisko	widowisko
4503	4316	40171	zasilać	zasilać
4514	4327	39857	zając	zając
4547	4360	35625	technik	technik
4562	4375	24932	odkrycie	odkrycie
4566	4379	20145	lew	lew
4603	4415	23497	niedawny	niedawny
4622	4434	36639	twierdza	twierdza
4676	4485	20483	lojalność	lojalność
4682	4491	23767	niepokojący	niepokojący
4714	4523	38602	wrota	wrota
4719	4528	39934	zaległość	zaległość
4748	4557	34700	szatan	szatan
4751	4560	23012	naprzeciwko	naprzeciwko
4774	4582	40922	zrobienie	zrobienie
4780	4588	34792	szczęśliwie	szczęśliwie
4781	4589	39705	zabraniać	zabraniać
4817	4625	28206	polowanie	polowanie
4823	4631	32794	siedzenie	siedzenie
4835	4643	27663	pochodzenie	pochodzenie
4842	4650	13715	formalnie	formalnie
4868	4676	41285	łatwość	łatwość
4879	4686	6895	aut	aut
4918	4724	14480	golf	golf
4921	4727	36056	tort	tort
4932	4738	19287	kręg	kręg
4961	4767	31327	robot	robot
4965	4771	40325	zazdrościć	zazdrościć
4968	4774	10037	cyrk	cyrk
5011	4817	19594	kwadrans	kwadrans
5043	4848	20351	lis	lis
5048	4853	8878	bój	bój
5054	4859	8911	błogosławieństwo	błogosławieństwo
5072	4877	24887	oddanie	oddanie
5123	4926	9783	cięcie	cięcie
5131	4934	38025	wielce	wielce
5160	4963	28793	pozornie	pozornie
5162	4965	28501	posiadłość	posiadłość
5172	4975	16586	jedenaście	jedenaście
5198	5001	24122	niezwłocznie	niezwłocznie
5258	5061	36332	trupa	trupa
5281	5084	9074	celowo	celowo
5404	5206	36483	trzysta	trzysta
5414	5216	34874	sześćdziesiąt	sześćdziesiąt
5468	5269	23227	negatywnie	negatywnie
5469	5270	11429	dotyk	dotyk
5524	5323	40811	znad	znad
5555	5354	39201	wyrażenie	wyrażenie
5638	5437	28476	porządnie	porządnie
5647	5446	20183	li	li
5677	5475	29514	przeczucie	przeczucie
5716	5514	38576	wpół	wpół
5901	5696	9031	cech	cech
5957	5752	36625	twardo	twardo
6000	5795	10546	danie	danie
6004	5799	32137	ręcznie	ręcznie
6046	5841	32104	róż	róż
6057	5851	24843	odbicie	odbicie
6112	5906	14805	grzecznie	grzecznie
6118	5912	25175	oglądanie	oglądanie
6140	5934	26341	panowanie	panowanie
6142	5936	22525	mówienie	mówienie
6144	5938	36765	tłumaczenie	tłumaczenie
6161	5954	13820	frank	frank
6233	6025	29421	prywatnie	prywatnie
6294	6086	24278	nonsens	nonsens
6349	6141	34140	strzęp	strzęp
6604	6387	22555	mądrze	mądrze
6664	6447	23095	nastawienie	nastawienie
6704	6487	21124	mat	mat
6713	6496	12739	emocjonalnie	emocjonalnie
6978	6754	13989	gadanie	gadanie
7006	6782	12050	działo	działo
7064	6840	17254	karate	karate
7202	6977	30480	pusto	pusto
7266	7041	35258	słodko	słodko
7324	7099	15940	imponować	imponować
7351	7126	8208	blond	blond
7422	7196	36686	tymczasowo	tymczasowo
7430	7204	25261	okazały	okazały
7467	7240	9661	ciekawić	ciekawić
7517	7290	9163	cha	cha
7721	7489	27	gram	gram
7722	7489	14607	gram	gram
7740	7507	28072	pokrywa	pokrywa
7862	7627	28851	połów	połów
8204	7963	41724	świta	świta
8443	8201	31920	rynka	rynka
8448	8206	29957	przodem	przodem
8458	8216	42001	żyto	żyto
8564	8319	8269	bogacić	bogacić
8647	8402	11259	dola	dola
8950	8701	34065	stroić	stroić
10245	9984	32717	siad	siad
10246	9984	32718	siad	siad
