freedict_pronunciation_id	freedict_entry_id	pronunciation
1	1	f
2	1	v
3	1	vu
4	2	f
5	2	v
6	2	vu
7	3	bɨt͡ɕ
8	4	ɲɛ
9	5	ɕɛ
10	6	i
11	7	tɔ
12	8	tɔ
13	9	s
14	9	z
15	9	zet
16	10	s
17	10	z
18	10	zet
19	11	na
20	12	ɔ̃n
21	13	dɔ
22	14	ʒɛ
23	15	tɛ̃n
24	16	mʲjɛ̇t͡ɕ
25	17	ja
26	18	ɔ
27	19	t͡sɔ
28	20	t͡sɔ
29	21	t͡sɔ
30	22	a
31	23	ˈkturɨ
32	24	jak
33	25	jak
34	26	jak
35	27	jak
36	28	tak
37	29	tak
38	30	tɨ
39	31	ɛjl
40	31	ˈalɛ
41	32	ɛjl
42	32	ˈalɛ
43	33	ɛjl
44	33	ˈalɛ
45	34	mut͡s
46	35	pɔ
47	36	za
48	37	ɔt
49	38	pãn
50	39	xʲt͡ɕɛ̇t͡ɕ
51	40	rɔk
52	41	t͡ʃɨ
53	42	ˈvʲjɛ̇d͡ʑɛ̇t͡ɕ
54	43	muj
55	44	dla
56	45	pʃɛs
57	46	juʃ
58	47	ˈtɨlkɔ
59	48	ˈtaci
60	49	ˈbard͡zɔ
61	50	sfuj
62	51	ˈmuvʲit͡ɕ
63	52	mɨ
64	53	ˈmuɕɛ̇t͡ɕ
65	54	pɔˈvʲjɛ̇d͡ʑɛ̇t͡ɕ
66	55	ˈjɛdɛ̃n
67	56	ˈjɛdɛ̃n
68	57	ˈjɛdɛ̃n
69	58	ˈt͡ʃwɔvʲjɛk
70	59	sãm
71	60	ˈĩnːɨ
72	61	ˈĩnːɨ
73	62	ˈfʃɨstkɔ
74	63	tu
75	64	t͡ʃas
76	65	ˈdɔbʒɛ
77	66	naʃ
78	67	ˈfʃɨstɛk
79	68	bɨ
80	69	bɨ
81	70	bɨ
82	71	ˈjɛʃt͡ʃɛ
83	72	ˈdɔbrɨ
84	73	ˈdɔbrɨ
85	74	'razɨ
86	74	ras
87	75	ˈmɔʒɛ
88	76	d͡ʑɛ̇̃ɲ
89	77	t͡sɔɕ
90	78	vʲjɛ̃nt͡s
91	79	vʲjɛ̃nt͡s
92	80	ˈsprava
93	81	ˈtɛras
94	82	tfuj
95	83	ˈpʲjɛrfʃɨ
96	84	ˈpʲjɛrfʃɨ
97	85	ɲit͡s
98	87	dva
99	88	ˈcɛdɨ
100	89	pʃɛt
101	90	ˈprat͡sa
102	91	ktɔ
103	92	ktɔ
104	93	ktɔ
105	94	ˈnɔvɨ
106	95	tãm
107	96	ˈvʲjɛlʲci
108	97	ˈɔras
109	98	ˈjäci
110	99	ˈʒɛbɨ
111	100	ˈprɔɕit͡ɕ
112	101	pʃɨ
113	102	ˈt͡sawɨ
114	103	ˈjɛdnak
115	104	ˈjɛdnak
116	105	ˈnavɛt
117	108	ˈpãɲi
118	109	ˈmɨɕlɛt͡ɕ
119	110	ɟd͡ʑɛ
120	111	ɟd͡ʑɛ
121	112	ˈrɔbʲit͡ɕ
122	113	ˈmʲjɛ̇jst͡sɛ
123	114	ˈvʲid͡ʑɛ̇t͡ɕ
124	115	stat͡ɕ
125	116	ˈpɔlsʲci
126	117	ˈpɔlsʲci
127	118	ˈkaʒdɨ
128	119	pɔt
129	120	ɔˈsɔba
130	121	ɡdɨ
131	122	ʒɨt͡ɕ
132	123	ˈd͡ʑɛt͡skɔ
133	124	pɔˈvʲĩɲɛ̃n
134	125	ˈmɔʒna
135	126	dɔ̃m
136	126	ˈdɔmɨ
137	127	ˈjäciɕ
138	128	lup
139	129	bɛs
140	130	bɛs
141	131	ˈdruɟi
142	132	ˈvʲjɛlɛ
143	133	ˈvʲjɛlɛ
144	134	iɕt͡ɕ
145	135	ˈjakɔ
146	136	ˈstrɔ̃na
147	137	dat͡ɕ
148	138	ktɔɕ
149	139	ˈcilka
150	140	ˈvwaɕɲɛ
151	141	ˈvwaɕɲɛ
152	142	ˈpravɔ
153	143	ˈmʲjastɔ
154	144	dlaˈt͡ʃɛɡɔ
155	145	dlaˈt͡ʃɛɡɔ
156	146	ɲiʃ
157	147	ɲiʃ
158	148	ˈkɔ̃ɲɛt͡s
159	149	ɕfʲjat
160	150	nat
161	151	ˈxɔd͡ʑit͡ɕ
162	152	ˈspɔsup
163	153	uˈstava
164	154	ˈruvʲɲɛʃ
165	155	vɨˈsɔci
166	156	ˈpɛvnɨ
167	157	ˈmawɨ
168	158	ˈstarɨ
169	159	ˈstarɨ
170	160	ʒɛt͡ʃ
171	161	ˈʒadɛ̃n
172	162	znat͡ɕ
173	163	u
174	164	ˈzafʃɛ
175	165	ˈzafʃɛ
176	166	ˈɲiɡdɨ
177	167	ˈxfʲila
178	168	vɨ
179	169	ˈpravda
180	170	ˈpravda
181	171	ˈpravda
182	172	ˈalbɔ
183	173	ɔˈstatʲɲi
184	174	ˈxɨba
185	175	ˈʃkɔwa
186	176	ˈṭʃɛba
187	177	ˈprɔstɨ
188	178	ṭʃɨ
189	179	ˈprɔblɛ̃m
190	180	ɲikt
191	181	ˈʒɨt͡ɕɛ
192	182	ˈdrɔɡa
193	183	naˈpravdɛ
195	185	kɔˈbʲjɛta
196	186	naˈlɛʒɛt͡ɕ
197	188	ˈpãj̃stfɔ
198	189	ˈftɛdɨ
199	190	pʲɛ̇ˈɲɔnd͡zɛ
200	190	ˈpʲjɛ̇̃ɲɔ̃nt͡s
201	191	rɔŋk
202	191	ˈrɛ̃ŋka
203	192	ˈɔjt͡ɕɛt͡s
204	193	ˈduʒɔ
205	194	daˈlɛkɔ
206	195	dlaˈtɛɡɔ
207	196	ˈvaʒnɨ
208	197	ˌsɨtuˈ<sup>w</sup>at͡sʲja
209	198	ˈpɔtɛ̃m
210	199	t͡ʃɛ̃w̃ɕt͡ɕ
211	200	zɔˈbat͡ʃɨt͡ɕ
212	201	kɔ̃ˈmʲisʲja
213	202	ˈd͡ʑɛ̃ŋʲci
214	203	ˈd͡ʑɛ̃ŋʲci
215	204	ˈd͡ʑɛ̃ŋʲci
216	205	ˈvwasnɨ
217	206	ˈɡdɨbɨ
218	207	prɔˈvad͡ʑit͡ɕ
219	208	ˈzmʲjãna
220	209	vɨˈɡlɔ̃ndat͡ɕ
221	210	kraj
222	211	ˈt͡ʃɛkat͡ɕ
223	212	t͡ʃut͡ɕ
224	213	ˈɔkɔ
225	214	rɔˈzũmʲjɛ̇t͡ɕ
226	215	ˈpɔ̃mɔt͡s
227	216	sɔ̃nt
228	217	ˈtrɔxɛ
229	218	ˈmawɔ
230	219	pujɕt͡ɕ
231	220	zwɨ
232	221	ˈɡwɔva
233	222	kɔˈlɛjnɨ
234	223	rɔˈd͡ʑĩna
235	224	pɔˈʒɔ̃ndɛk
236	225	ˈmwɔdɨ
237	226	ˈmwɔdɨ
238	227	ˈduʒɨ
239	228	praˈt͡sɔvat͡ɕ
240	229	ˈrada
241	230	ˈswɔvɔ
242	231	ɡɔˈd͡ʑĩna
243	232	jɛˈʒɛlʲi
244	233	ˈãɲi
245	234	ˈãɲi
246	235	ˈɡrupa
247	236	ˈɕrɔdɛk
248	237	ˈpuʑnɔ
249	238	t͡sɛl
251	240	ˈt͡ʃɛ̃w̃stɔ
252	241	ˈpʃɛt͡ɕɛʃ
253	242	mʲĩˈɲistɛr
254	243	uˈvaʒat͡ɕ
255	244	ˈznat͡ʃɨt͡ɕ
257	246	vɨˈdavat͡ɕ
258	247	ˌĩnfɔrˈmat͡sʲja
259	248	pãˈmʲjɛ̃ntat͡ɕ
260	249	ˈpɔsɛw
261	250	ˈmʲjɛ̇ɕɔ̃nt͡s
262	251	ˈdɔbrɔ
263	252	ɡwɔs
264	253	ˈpɔṭt͡ʃas
265	254	ˈpɨtat͡ɕ
266	255	ˈprɔɡrãm
267	256	ĩm
268	257	ˈʃɨpkɔ
269	258	pʃɨˈpadɛk
270	259	ˈtɨlɛ
271	260	vɨjɕt͡ɕ
272	261	ˈmʲjɛ̃nd͡zɨ
273	262	ʒɔ̃nt
274	263	ˈprɔjɛkt
275	264	ˌpɔṭʃɛˈbɔvat͡ɕ
276	265	sãˈmɔxut
277	266	ˈd͡ʑawat͡ɕ
278	267	ˈzɛspuw
279	268	stãn
280	269	ˈswɨʃɛt͡ɕ
281	270	ˈt͡ʃɨlʲi
282	271	aʃ
283	272	aʃ
284	273	ˈsɨstɛ̃m
285	274	ˈmãma
286	275	ˈkɔxat͡ɕ
287	276	ˈmatka
288	277	ˈpɔvut
289	278	ˈilɛ
290	279	ˈilɛ
291	280	ˈtɨd͡ʑɛ̇̃ɲ
292	281	nɔt͡s
293	282	ˈlubʲit͡ɕ
294	283	ˈpɔza
295	284	ˈpɔza
296	285	ˈruʒnɨ
297	286	ˈvɨ̃ɲik
298	287	ˈjaɡbɨ
299	288	ˈjaɡbɨ
300	289	ɡrat͡ɕ
301	290	ˈrɨ̃nɛk
304	293	zaˈsada
305	294	ˈft͡ʃɛɕɲɛ
306	295	mɔʒˈlʲivɔɕt͡ɕ
307	296	ˈvɔda
308	297	ˈɡura
309	298	ˈvʲɲɔsɛk
310	299	pũŋkt
311	300	ˈtɛ̃mat
312	301	d͡ʑɛfˈt͡ʃɨ̃na
313	302	dɛˈt͡sɨzʲja
314	303	ˈʑɛ̃mʲja
315	304	pɔ̃ˈɲɛvaʃ
316	305	mɛ̃w̃ʃˈt͡ʃɨzna
317	306	ɲɛx
318	307	brat͡ɕ
319	308	pɨˈtãɲɛ
320	309	ˈud͡ʑaw
322	311	ˈmʲjɛʃkat͡ɕ
323	312	ˈvwad͡za
324	313	ˈd͡ʑiɕäj
325	314	pɔˈlʲit͡sʲja
326	315	rɔzˈmɔva
327	316	pruˈbɔvat͡ɕ
328	317	mɨɕl̥
329	318	dɔˈpʲjɛrɔ
330	319	ˈvɔjna
331	320	pɔˈt͡ʃɔ̃ntɛk
332	321	ˈistʲɲɛ̇t͡ɕ
333	322	spɔˈwɛt͡ʃnɨ
334	323	ˈɔba
335	324	ˈdwuɡɔ
336	325	sɛ̃ˈnatɔr
337	326	ˈpɔ̃nat
338	327	xʲiˈstɔrʲja
339	328	ˈʃukat͡ɕ
340	329	pʃɨˈjät͡ɕɛl
341	330	ˈpʃɨkwat
342	331	ˈpʲisat͡ɕ
343	332	praˈt͡sɔvʲɲik
344	333	ˈjɛxat͡ɕ
345	334	ˈvɨbur
346	335	ˈakt͡sʲja
347	336	ˈcɕɔ̃w̃ʃka
348	337	ɲɛˈkturɨ
349	338	vaˈrũnɛk
351	340	ũˈmɔva
353	342	fʲilm
354	343	mʲjɛˈʃkãɲɛt͡s
355	344	naˈd͡ʑɛ̇ja
357	346	ˈɔkrɛs
358	347	ˈɕiwa
359	348	uˈlʲit͡sa
360	349	ˈprɛzɨdɛ̃nt
361	350	ˈpravʲjɛ
362	351	rɔzˈmavʲjät͡ɕ
363	352	zbɨt
364	353	zbɨt
365	354	ˈʒɔ̃na
366	355	d͡ʑät͡ɕ
367	357	bãŋk
368	358	vʲjɛk
369	359	mʲĩˈnuta
370	360	jɛˈdɨ̃nɨ
371	361	pɔˈtrafʲit͡ɕ
372	362	pravʲˈd͡ʑivɨ
373	364	ˈtɨɕɔ̃nt͡s
374	365	sɨ̃n
375	366	plãn
376	367	ˈklʲi<sup>j</sup>ɛ̃nt
377	368	ˈɡwuvnɨ
379	370	ˈuʒɔ̃nt
380	371	ˈprɛzɛs
381	372	ˈvrat͡sat͡ɕ
382	373	mɛt͡ʃ
383	374	ˈfũnduʃ
384	375	ˈpɔkuj
385	376	klup
386	377	ˈʃãw̃sa
387	378	ˈpɛvʲɲɛ
388	379	ˈpɛvʲɲɛ
389	380	ˈpɛvʲɲɛ
390	381	ˈrazɛ̃m
391	382	naˈzɨvat͡ɕ
392	383	puˈblʲit͡ʃnɨ
393	384	naˈstɛ̃mpnɨ
394	385	pɔtˈstava
395	386	ˈṭʃɛt͡ɕi
396	387	dɨˈrɛktɔr
397	388	ˈt͡ʃwɔ̃nɛk
399	390	ˈpʲjɛ̃ŋknɨ
400	391	ˈjasnɨ
401	392	zaˈt͡ʃɨ̃nat͡ɕ
402	393	ˈzwɔtɨ
403	394	ˈzwɔtɨ
404	395	ˈdwuɟi
405	396	ˈpɔznat͡ɕ
406	397	ˈvʲjɛʒɨt͡ɕ
407	398	ˈt͡sɛ̃na
410	401	ˌubɛspʲjɛˈt͡ʃɛ̃ɲɛ
412	403	ˈlʲit͡ʃɨt͡ɕ
413	404	brat
414	405	ˈzakwat
415	406	kɔʃt
416	407	vɨˈpadɛk
418	409	ˈɕɛ̇d͡ʑɛ̇t͡ɕ
419	410	ˈt͡ɕawɔ
420	411	ˈt͡ʃtɛrɨ
421	412	ḍʒvʲi
423	414	d͡ʑaˈwalnɔɕt͡ɕ
424	415	ˈsɛrt͡sɛ
425	416	ˈpɛwnɨ
426	417	ˈrat͡sʲja
427	418	stãˈnɔvʲit͡ɕ
428	419	rux
429	420	tfaʃ
430	421	ˈsɔ̃ɲd͡ʑit͡ɕ
431	422	vzɡlɔ̃nt
432	423	d͡ʑaˈwãɲɛ
433	424	ɡra
435	426	ˈtɛrɛ̃n
436	427	ʃɛf
437	428	ˈblʲisʲci
438	429	stɔ̃nt
439	430	ˈvɛdwuk
441	432	spɔtˈkãɲɛ
442	433	ˈmʲĩmɔ
443	434	ˈmʲiwɔɕt͡ɕ
444	435	ˈkɔɕt͡ɕuw
445	436	pɔˈṭʃɛba
446	437	ɔxˈrɔ̃na
447	438	ˈɔɡuw
448	439	ˈʃpʲital
449	440	naˈpʲisat͡ɕ
450	441	ɡɔˈtɔvɨ
451	442	ˈnadal
452	443	ˈlʲid͡ʒba
453	444	ˈzaras
455	446	ˈvalka
456	447	ˈvɔbɛt͡s
457	448	ˈzakrɛs
458	449	ˈvʲjɛt͡ʃur
459	450	ˈrɔd͡zaj
460	451	fʲt͡ɕɔ̃w̃ʃ
461	452	fakt
462	453	fakt
463	454	ˈmɔ̃mɛ̃nt
465	456	ˌstãnɔˈvʲiskɔ
466	457	tr̥fat͡ɕ
467	458	ɡɔɕt͡ɕ
468	459	ˈlɛkaʃ
470	461	ˈxwɔpʲjɛt͡s
472	463	ˌpɔlʲiˈtɨt͡ʃnɨ
473	464	zajˈmɔvat͡ɕ
474	465	ˈtfʲjɛrʲd͡ʑit͡ɕ
476	467	ˈtrudnɔ
477	468	ˈfat͡sɛt
478	469	ˈspuwka
479	470	tɛˈlɛfɔ̃n
480	471	ˈfɔrma
481	472	vaʃ
482	473	dɔɕt͡ɕ
483	474	dɔɕt͡ɕ
484	475	daˈlɛci
485	476	ˈft͡ʃɔraj
486	477	ˈft͡ʃɔraj
489	480	ɡrãˈɲit͡sa
490	481	ˈprɔt͡sɛs
491	482	ɔzˈnat͡ʃat͡ɕ
492	483	ˈpɔʑɔ̃m
494	485	skɔ̃nt
496	487	ˈvɔlnɨ
497	488	baˈdãɲɛ
498	489	ɔtˈpɔvʲjɛ̇t͡ɕ
499	490	dɔjɕt͡ɕ
500	491	ɔˈkazʲja
501	492	pɔ̃ˈmɨɕlɛt͡ɕ
502	493	mɔ̃w̃ʃ
503	494	pʲjɛ̇̃ɲt͡ɕ
504	495	ˈznɔvu
505	496	brɔ̃ɲ
506	497	ˈt͡ʃarnɨ
507	498	ˈt͡ʃarnɨ
508	499	ˈt͡ʃarnɨ
509	500	ˈt͡ʃɨtat͡ɕ
510	501	ˈrɔla
513	504	ˈnũmɛr
514	505	dɔˈkũmɛ̃nt
515	506	pɔˈdɔbnɨ
516	507	ˈṭʃɨ̃mat͡ɕ
517	508	zdat͡ɕ
518	509	ʑlɛ
519	510	ˈstãnɔ̃ɲt͡ɕ
520	511	ˈrat͡ʃɛj
521	512	ˈfspulnɨ
523	514	ˈnɔɡa
525	516	ˈzaʒɔ̃nt
526	517	ˈt͡ɕɛʃɨt͡ɕ
528	519	ˈzãɲĩm
529	520	ɔˈbɛt͡sʲɲɛ
530	521	ˈtrudnɨ
535	526	dɔˈkwadʲɲɛ
536	527	ˈxwɔpak
537	528	ˈbʲjawɨ
538	529	ˈbʲjawɨ
539	530	ˈbʲjawɨ
540	531	t͡ɕɔ̃ŋk
541	532	ˈjutrɔ
542	533	ˈjutrɔ
543	534	vɨˈstart͡ʃɨt͡ɕ
544	535	ˈjɛ̃w̃zɨk
545	536	ˈmʲjɛ̇jsʲci
547	538	ˌpɔtstaˈvɔvɨ
548	539	ˈʃtuka
549	540	ˈcɛdɨɕ
550	541	pɔˈwɔva
551	542	zaɕ
552	543	marˈʃawɛk
553	544	kɔˈlɛɡa
554	545	druˈʒɨ̃na
555	546	zaˈpɨtat͡ɕ
556	547	ˈzɡɔdʲɲɛ
557	548	ɔˈbɛt͡snɨ
558	549	stɔˈsũnɛk
560	551	ˈspɔkuj
561	552	pɔˈɕadat͡ɕ
563	554	ĩˈnat͡ʃɛj
566	557	ˈkfɛstʲja
567	558	vwaɕˈt͡ɕit͡ɕɛl
568	559	ˈtfɔʒɨt͡ɕ
569	560	ˈklasa
571	562	ˈpɔdat͡ɕ
573	564	ˈtãmtɛ̃n
574	565	krɛf
575	566	ɔˈpʲĩɲja
576	567	vʲjaˈdɔ̃mɔɕt͡ɕ
577	568	ˈswuʒba
578	569	ˈd͡ʑivnɨ
580	571	spɛˈt͡sʲjalnɨ
581	572	tɨp
582	573	ˈbʲjurɔ
583	574	ˌɕrɔdɔˈvʲiskɔ
584	575	ˈpɔvrut
585	576	ˈlʲista
586	577	pʲjɛs
587	578	vɨ̃ˈmaɡat͡ɕ
588	579	ˈmʲilʲjɔ̃n
589	580	ˈnajpʲjɛrf
590	581	ĩnˈtɛrɛs
591	582	buˈdɔva
592	583	spat͡ɕ
593	584	ˈpɔstat͡ɕ
594	585	t͡ɕɛˈkavɨ
595	586	jɛdˈnɔstka
596	587	ˈɔkna
597	587	ˈɔknɔ
600	590	ˈfxɔd͡ʑit͡ɕ
601	591	ˈt͡sɛ̃ntrũm
602	592	ˌpʃɨpɔ̃ˈmʲĩnat͡ɕ
603	593	rɔˈbɔta
604	594	ˈɕfʲjatwɔ
605	595	ˌɔpɔˈvʲjadat͡ɕ
608	598	ɡaˈzɛta
609	599	ˈt͡surka
610	600	pʃɨˈjɛxat͡ɕ
611	601	ˌɔtpɔˈvʲjadat͡ɕ
612	602	vwaɕˈt͡ɕivʲjɛ
613	603	vwaɕˈt͡ɕivʲjɛ
614	604	rɔˈd͡ʑit͡sɛ
615	605	ˈskɔrɔ
616	606	ˈɕfʲjɛ̃ntɨ
617	607	ˈɕfʲjɛ̃ntɨ
618	608	ɡwɔˈsɔvat͡ɕ
619	609	vʲjaˈdɔ̃mɔ
620	610	ˌtɔvaˈʒɨstfɔ
621	611	ˈstɔpʲjɛ̇̃ɲ
622	612	ˈzdãɲɛ
624	614	ˈrãnɔ
625	615	ˈrãnɔ
626	616	ˌɔtpɔˈvʲjɛdʲɲi
627	617	uˈʒɨvat͡ɕ
628	618	ˈʃkɔda
629	619	ˈʃkɔda
630	620	ˈkɔ̃ŋkurs
632	622	jɛ̇ɕt͡ɕ
633	623	ˈlɛʒɛt͡ɕ
634	624	lʲist
636	626	ˈtata
637	627	ˈzvwaʃt͡ʃa
638	628	pɔˈṭʃɛbnɨ
639	629	ˈblʲiskɔ
640	630	ˈvuft͡ʃas
642	632	ˈt͡ʃasɛ̃m
644	634	bɔ̃ɲt͡ɕ
645	635	bɔ̃ɲt͡ɕ
647	637	naˈzvʲiskɔ
648	638	ˈawtɔr
649	639	ˌpʃɛvɔdʲˈɲit͡ʃɨt͡ɕ
650	640	pɔˈzvalat͡ɕ
651	641	ˈfʃɛlʲci
652	642	bwɔ̃nt
656	646	ˈpaṭʃɛt͡ɕ
660	651	ˈut͡ʃɨt͡ɕ
661	652	ˈzdavat͡ɕ
662	653	ĩmˈprɛza
663	654	ˈkɔ̃ntakt
664	655	fspãˈɲawɨ
665	656	naˈ<sup>w</sup>uka
666	657	ˈxɔrɨ
667	658	ˈxɔrɨ
669	660	ˈmuzɨka
670	661	kɔˈʒɨstat͡ɕ
671	662	vras
672	663	mʲjaw
673	664	ˈdavnɨ
674	665	ˈt͡ɕɔ̃ŋɡlɛ
675	666	ˌɡɔspɔˈdarka
676	667	ˈlut͡sʲci
677	668	ˈɕilnɨ
679	670	zãˈmʲjɛʒat͡ɕ
681	672	ˈzatɛ̃m
682	673	ˈzatɛ̃m
683	674	cɛˈrũnɛk
684	675	ˈɲisʲci
685	676	pɔˈdatɛk
686	677	ˈpɔlɛ
687	678	ˈpwat͡ɕit͡ɕ
688	679	ˌza<sup>w</sup>uˈvaʒɨt͡ɕ
689	680	ˈspʃɛdaʃ
690	681	ˈɕɔstra
691	682	ˈdrɔɟi
692	683	zaˈlɛʒɛt͡ɕ
693	684	znajˈdɔvat͡ɕ
696	687	ˈdɔvut
697	688	ˌbɛspʲjɛˈt͡ʃɛ̃j̃stfɔ
699	690	sklɛp
700	691	ˈzvrut͡ɕit͡ɕ
701	692	sɛ̃w̃s
704	695	pɔˈzɨt͡sʲja
705	696	ˈmartfʲit͡ɕ
706	697	vwaɕˈt͡ɕivɨ
707	698	uf
708	699	zaˈruvnɔ
709	700	ˌzavɔˈdɔvɨ
710	701	naˈɡrɔda
711	702	ˈpartʲja
712	703	ˈzavut
714	705	vzrɔst
715	706	pɔˈvaʒnɨ
716	707	ˈnazva
717	708	ˈprɔdukt
718	709	zaˈdãɲɛ
719	710	ɕɛ̇t͡ɕ
720	712	ˈwatfɔ
721	713	pɔˈxɔd͡ʑit͡ɕ
723	715	ʃt͡ʃɛˈɡulʲɲɛ
724	716	ˈũmʒɛt͡ɕ
725	717	ɲɛ̃ˈmʲjɛt͡sʲci
726	718	ɲɛ̃ˈmʲjɛt͡sʲci
727	719	ˈlʲĩɲja
728	720	ˌprɔpɔ̃ˈnɔvat͡ɕ
729	721	ˈvʲĩna
730	722	ˈɔdʲd͡ʑaw
734	726	cɛˈrɔvat͡ɕ
735	727	skarp
736	728	ˈvartɔ
737	729	ˈmʲiwɨ
738	730	ˈmʲiwɨ
742	734	ˌvɨkɔ̃ˈnɨvat͡ɕ
743	735	ˈʑrudwɔ
744	736	ˈnaɡlɛ
745	737	stɔˈsɔvat͡ɕ
747	739	ˈzmʲjɛ̇̃ɲät͡ɕ
749	741	ˈvʲidat͡ɕ
751	743	ˈkfɔta
752	744	pɔˈlʲit͡sʲjãnt
753	745	ɔˈfʲjara
755	747	ˈkɔwɔ
756	748	ˈkɔwɔ
757	749	ɔɡˈlɔ̃ndat͡ɕ
759	751	ˈkɔlɛj
760	752	xɔˈrɔba
761	753	las
762	754	ˈvʲjɛd͡za
763	755	ˌprɔpɔˈzɨt͡sʲja
764	756	ˈpɛvnɔɕt͡ɕ
765	757	ˌna<sup>w</sup>uˈt͡ʃɨt͡ɕɛl
766	758	ˈsɛ̃nat
767	759	maˈtɛrʲjaw
769	761	ˈkɔ̃j̃n͇t͡ʃɨt͡ɕ
770	762	pɔˈjɛxat͡ɕ
771	763	pʲit͡ɕ
772	764	ˈdɔlar
774	766	zaˈvʲjɛrat͡ɕ
775	767	ˌĩnvɛˈstɨt͡sʲja
776	768	ˈpruba
778	770	ˈɛfɛkt
781	773	pʃɨˈxɔd͡ʑit͡ɕ
782	774	ɔˈt͡sɛ̃na
784	776	ˌvɨstɛ̃mˈpɔvat͡ɕ
785	777	ˈpʃɨkrɔ
786	778	ˈstɨt͡ʃɛ̃ɲ
787	779	ˌãmɛrɨˈkãj̃sʲci
788	780	ˈkurva
789	781	ˈkurva
790	782	ˈfũŋkt͡sʲja
791	783	mʲjɛˈʃkãɲɛ
792	784	ˈvɨrɔk
793	785	ˈʒɔwɲɛʒɛ
794	785	ˈʒɔwʲɲɛʃ
796	787	wut͡ɕ
797	788	mʲisṭʃ
798	789	ˈpʃɛt͡ɕif
799	790	dɔˈkɔ̃nat͡ɕ
801	792	prɨˈvatnɨ
805	796	t͡ʃɛrˈvɔ̃nɨ
806	797	t͡ʃɛrˈvɔ̃nɨ
807	798	ˌrɔzvʲjɔ̃w̃ˈzãɲɛ
808	799	krɔk
809	800	twũˈmat͡ʃɨt͡ɕ
811	802	ˈrɛʃta
813	804	lɔs
814	805	znak
815	806	ˈkarta
816	807	zaˈvɔdʲɲik
817	808	ˈpʲiwka
818	809	ˈkrutʲci
819	810	ˈpʃɛdmʲjɔt
820	811	ˌpravdɔpɔˈdɔbʲɲɛ
821	812	ˌzdɛt͡sɨˈdɔvat͡ɕ
823	814	ˈd͡zvɔ̃ɲit͡ɕ
824	815	ˈst͡sɛ̃na
825	816	ˈzɡad͡zat͡ɕ
826	817	ˈrãma
828	819	kɔ̃mˈputɛr
829	820	ˈbɨwɨ
830	821	ˈbɨwɨ
831	822	ɔˈfɛrta
832	823	ˈznat͡ʃʲɲɛ
833	824	ˈzvʲjɛʒɛ
834	824	ˈzvʲjɛʒɛnta
836	826	pʃɨˈt͡ʃɨ̃na
839	829	ˈskwadat͡ɕ
842	832	ˈzãmʲjast
843	833	ˈzãmʲjast
844	834	ˈɡwupʲi
845	835	ˈruʃat͡ɕ
846	836	dux
847	837	ˈt͡ɕɛ̃w̃ʃʲci
850	840	ˌĩw̃stɨˈtut͡sʲja
851	841	ʃt͡ʃɛ̃w̃ɕˈlʲivɨ
852	842	zaˈbava
853	843	cɛˈrɔft͡sa
854	844	ˈzʲɟĩnɔ̃ɲt͡ɕ
855	845	dɨsˈkusʲja
857	847	ˈlʲipʲjɛt͡s
858	848	ˈspɔjʒɛt͡ɕ
860	850	fspuwˈprat͡sa
861	851	pɔˈpʃɛdʲɲi
862	852	pɔ̃ˈmaɡat͡ɕ
863	853	mɛˈtɔda
864	854	ˌspɔwɛˈt͡ʃɛ̃j̃stfɔ
865	855	spɔˈkɔjɲɛ
866	856	spɔˈkɔjɲɛ
867	857	ˈɲɛt͡sɔ
868	858	ˈɲɛt͡sɔ
871	861	ˈḍʒɛvɔ
873	863	dɔˈdavat͡ɕ
875	865	ɟd͡ʑɛ̇ɕ
876	866	ˈukwat
877	867	ˈpãmʲjɛ̇̃ɲt͡ɕ
878	868	ˌʒɛt͡ʃɨˈvʲiɕt͡ɕɛ
879	869	ˌʒɛt͡ʃɨˈvʲiɕt͡ɕɛ
880	870	ˈũmʲjɛ̇t͡ɕ
881	871	ˈsũma
882	872	ˌɔt͡ʃɛˈcivat͡ɕ
883	873	ˈvɔlɛt͡ɕ
884	874	fskaˈzɨvat͡ɕ
885	875	vɨˈraʑɲɛ
886	876	ˌzastãˈnavʲjät͡ɕ
887	877	vɨˈsɔkɔ
888	878	ˈpʃɨʃwɨ
889	879	naˈtɨxmʲjast
890	880	ˌɔtpɔvʲjɛ̇ˈd͡ʑalnɔɕt͡ɕ
891	881	duw
893	883	ˈzãmknɔ̃ɲt͡ɕ
894	884	ˈkrɛdɨt
895	885	ˈswuʒɨt͡ɕ
896	886	ˈnɔɕit͡ɕ
897	887	ˈɔrɡãn
900	890	ˌmʲjɛ̃nd͡zɨ̃narɔˈdɔvɨ
901	891	ˌpɔzɔˈstavat͡ɕ
902	892	arˈtɨkuw
904	894	vwɔs
906	896	pɔ̃ˈmʲjɛ̃nd͡zɨ
907	897	ˈt͡sawʲcɛ̃m
908	898	ˌzaɡrãˈɲit͡ʃnɨ
911	901	ˈlʲiɡa
912	902	ˈpat͡sʲjɛ̃nt
913	903	skwat
915	905	ˈzvɨklɛ
916	906	vɛvˈnɛ̃nṭʃnɨ
917	907	ɔˈpʲjɛka
918	908	ˈaɡɛ̃nt
920	910	ˈprɛ̃mʲjɛr
921	911	ˈzapʲis
923	913	pɔˈvʲjɛṭʃɛ
924	914	ˌɔbɔvʲjɔ̃w̃ˈzɨvat͡ɕ
925	915	ˈbavʲit͡ɕ
926	916	mɛtr̥
930	920	stuw
934	924	ˈɕrɛdʲɲi
935	925	ˈɕfʲjɛtnɨ
937	927	tɨ̃mˈt͡ʃasɛ̃m
938	928	tɨ̃mˈt͡ʃasɛ̃m
939	929	tɨ̃mˈt͡ʃasɛ̃m
940	930	ˈmɔt͡snɔ
941	931	cɕɔ̃nt͡s
943	933	ˈvɨd͡ʑaw
944	934	ˈɔpʃar
945	935	ɔˈbrɔ̃na
946	936	zaˈjɛ̇̃ɲt͡ɕɛ
948	938	ˈɔɟɛ̇̃ɲ
949	940	ˈstrata
951	945	ˈvʲjara
952	946	ˈstatɛk
954	948	ˈɲɛbɔ
956	951	ˈdavnɔ
957	952	ˈzakup
959	954	ˈvɛrsʲja
960	955	ˌpɔzɔˈstawɨ
961	956	ˈatak
962	957	paʑˈd͡ʑɛrʲɲik
963	958	d͡ʑiˈɕɛ̇jʃɨ
965	960	ˈsɛ̃ɲd͡ʑa
966	961	uˈt͡ʃɛstʲɲik
967	962	ˈzaɡrat͡ɕ
968	963	ˈrãmʲjɛ
969	964	ˈpalɛt͡s
971	966	ˈjakɔɕ
973	968	ˈswɔ̃j̃nt͡sɛ
974	969	rɔˈd͡ʑĩnːɨ
975	970	ˈɕfʲjadɛk
976	971	ˈpwɨta
977	972	zdʲjɔ̇̃ɲt͡ɕ
978	973	ɔˈpwata
979	974	ˌrɛalʲiˈzat͡sʲja
981	976	ˈɔpt͡sɨ
982	977	ˈɔpt͡sɨ
983	978	ɔdˈbɨvat͡ɕ
984	979	ˈkfʲjɛ̇t͡ɕɛ̇̃ɲ
985	980	ˈɔprut͡ʃ
986	981	ˈzaʒut
987	982	zaˈpɛvʲɲät͡ɕ
988	983	ˈkara
989	984	ˈɲɛ̃mal
990	985	akt
991	986	ˈvɔkuw
992	987	ˈɕɛrpʲjɛ̇̃ɲ
993	988	ˌʒɛt͡ʃɨˈvʲistɔɕt͡ɕ
994	989	ˈilɔɕt͡ɕ
995	990	ˈpapʲjɛr
996	991	ˌpɔkaˈzɨvat͡ɕ
997	992	bɔˈxatɛr
998	993	ˈdɔktɔr
999	994	ɕlat
1000	995	ɛ̃ˈnɛrʲɟja
1002	997	stɨl
1003	998	ˈstɔpa
1004	999	pʃɨjˈmɔvat͡ɕ
1008	1003	ɕfʲjaˈtɔvɨ
1009	1004	ˈznãnɨ
1011	1006	ˈadrɛs
1012	1007	ˈstawɨ
1013	1008	kɔ̃ɲ
1014	1009	kɔˈʃtɔvat͡ɕ
1015	1010	ˈrɔsnɔ̃ɲt͡ɕ
1016	1011	uˈt͡ɕɛkat͡ɕ
1018	1013	ˈfkrutt͡sɛ
1019	1014	ˈpɔdruʃ
1022	1017	ˈstavat͡ɕ
1023	1018	ˈsɛzɔ̃n
1024	1019	bul
1028	1023	vɨˈwɔ̃n͇t͡ʃʲɲɛ
1030	1025	ˈt͡ʃɨ̃ɲit͡ɕ
1032	1027	ˈvɔlnɔ
1033	1028	ˈvɔlnɔ
1034	1029	ʃt͡ʃɛˈɡulnɨ
1035	1030	spɔˈtɨkat͡ɕ
1036	1031	vɨˈbʲjɛrat͡ɕ
1038	1033	ˈd͡ʑɛwɔ
1040	1035	fspɔ̃ˈmʲĩnat͡ɕ
1041	1036	ˌpɔvɔˈdɔvat͡ɕ
1042	1037	ˌɔkɔˈlʲit͡sa
1043	1037	ˌɔˈkɔlʲit͡sa
1045	1039	ˈrɨzɨkɔ
1046	1040	ˈt͡ʃfartɨ
1047	1041	ˈpraɡnɔ̃ɲt͡ɕ
1048	1042	ˈstavʲjät͡ɕ
1049	1043	ˌɔsɔˈbʲistɨ
1051	1045	pɔˈftaʒat͡ɕ
1060	1054	ɲɛ̇ˈd͡ʑɛla
1061	1055	ˈjɛ̇ʑd͡ʑit͡ɕ
1063	1059	zɔˈstavat͡ɕ
1064	1060	ˈbrãmka
1066	1062	ˈɕfʲjɛ̃ntɔ
1068	1064	znaˈjɔ̃mɨ
1071	1067	spʃɛ̃nt
1072	1068	lɔˈkalnɨ
1074	1070	ˌtajɛ̃mʲˈɲit͡sa
1075	1071	aˈɡɛ̃nt͡sʲja
1076	1072	pʃɨˈjɛ̇̃ɲt͡ɕɛ
1077	1073	ˈd͡ʑɛ̇ɕɛ̇̃ɲt͡ɕ
1079	1075	ˌut͡ʃɛˈstʲɲit͡ʃɨt͡ɕ
1081	1077	zvɨˈt͡ɕɛ̃w̃stfɔ
1082	1078	ˈʃkɔlnɨ
1083	1079	ˈt͡ʃɨstɨ
1084	1080	bɛsˈpʲjɛt͡ʃnɨ
1086	1082	ˈawtɔ
1088	1085	ˈduʃa
1091	1088	ˌdɔɕfʲjaṭˈt͡ʃɛ̃ɲɛ
1092	1089	ˈarmʲja
1093	1090	dɔˈxɔd͡ʑit͡ɕ
1094	1091	pɔˈvaʒʲɲɛ
1095	1092	ʑɛˈlɔ̃nɨ
1096	1093	ʑɛˈlɔ̃nɨ
1097	1094	ˌɔpɛˈrat͡sʲja
1101	1098	ˈswabɨ
1103	1100	ˌzaxɔˈvãɲɛ
1106	1103	pʃɛtˈstavʲjät͡ɕ
1110	1107	pʃɛˈxɔd͡ʑit͡ɕ
1111	1108	ˌt͡sawkɔˈvʲit͡ɕɛ
1112	1109	ˈd͡ʑɛ̇t͡ɕak
1113	1110	ˈpravɨ
1117	1114	ˈtɔvar
1118	1116	spʃɛˈdavat͡ɕ
1120	1118	ˈkɔlɔr
1122	1120	ˈzɡɔda
1123	1121	ˈbɨvat͡ɕ
1124	1122	ˈxɔtɛl
1127	1125	ˈpraktɨka
1128	1126	ˌjäciˈkɔlvʲjɛk
1129	1127	ˌnatuˈralnɨ
1130	1128	ˌprɔkuˈratɔr
1132	1130	ˈdɔstɛ̃mp
1133	1131	spɔrt
1135	1133	ˌũɲiˈvɛrsɨtɛt
1136	1134	bɔˈɡatɨ
1137	1135	ˈɡadat͡ɕ
1138	1136	ˌĩntɛrɛˈsɔvat͡ɕ
1139	1137	znaˈt͡ʃɛ̃ɲɛ
1143	1141	ˌãnaˈlʲiza
1144	1142	ˈpartnɛr
1145	1144	ˈzvɨkwɨ
1147	1146	pɔˈwudʲɲɛ
1148	1147	pɔˈwudʲɲɛ
1149	1148	but
1150	1149	raˈxũnɛk
1155	1154	ɔˈbɛt͡snɔɕt͡ɕ
1157	1156	ˈrɛɟɔ̃n
1158	1157	pʃɨzˈnavat͡ɕ
1159	1158	alˈkɔxɔl
1160	1159	ˌĩntɛrnɛˈtɔvɨ
1163	1162	ãŋʲˈɟɛlsʲci
1164	1163	ãŋʲˈɟɛlsʲci
1167	1166	rɛˈlat͡sʲja
1169	1168	ˈsṭʃɛlat͡ɕ
1170	1169	pʃɛˈstɛ̃mpstfɔ
1171	1170	frãnˈt͡susʲci
1172	1171	frãnˈt͡susʲci
1173	1172	ˌɔpsɛrˈvɔvat͡ɕ
1174	1173	ˈpɔvʲjɛ̇ɕt͡ɕ
1177	1176	rɔˈsɨjsʲci
1178	1177	rɔˈsɨjsʲci
1180	1179	pʲjɔˈsɛ̃nka
1181	1180	kɔ̃ŋˈkrɛtnɨ
1182	1181	ˈxrɔ̃ɲit͡ɕ
1183	1182	ˈbaza
1186	1185	ˈt͡ɕɛ̃w̃ʃkɔ
1187	1186	ˈmɔ.ʒɛ
1191	1190	ˌɔkɔˈlʲit͡ʃnɔɕt͡ɕ
1193	1192	ˌvɨdaˈʒɛ̃ɲɛ
1195	1194	kaˈvawɛk
1196	1195	ˈɕɛdɛ̃m
1197	1196	zaˈxɔdʲɲi
1198	1197	ˈtrat͡ɕit͡ɕ
1201	1200	pɔˈrad͡ʑit͡ɕ
1204	1203	pɔˈtfʲjɛrʲd͡ʑit͡ɕ
1205	1204	ˌzaxɔˈvɨvat͡ɕ
1207	1206	ˈkava
1209	1208	ˈlɛvɨ
1211	1210	ˈpʲjɔ̃ntɛk
1213	1213	ˈrapɔrt
1215	1215	ˈvɨjast
1216	1216	ˌɔbɛjˈmɔvat͡ɕ
1220	1220	kɔˈxãɲɛ
1221	1221	kɔˈxãɲɛ
1223	1223	arˈtɨsta
1225	1225	ˈmɔdɛl
1226	1226	ˌuraˈtɔvat͡ɕ
1229	1230	ˈɛtap
1230	1231	vʲiˈzɨta
1231	1232	dɔˈpuci
1233	1234	tɛxʲˈɲit͡ʃnɨ
1238	1239	ˈzaxut
1239	1240	ˈzaxut
1240	1241	vɨˈdatɛk
1241	1242	ˈpɛwʲɲa
1243	1244	ˈradʲjɔ
1244	1245	mɛˈdɨt͡ʃnɨ
1246	1247	ɕmʲjɛ̇t͡ɕ
1247	1248	ɕmʲjɛ̇t͡ɕ
1249	1250	ˈɡrɔʑit͡ɕ
1250	1251	traˈdɨt͡sʲja
1251	1252	ˌɲɛruˈxɔ̃mɔɕt͡ɕ
1253	1254	pɔtˈkrɛɕlat͡ɕ
1255	1256	cɛˈrɔvʲɲik
1258	1258	klut͡ʃ
1259	1259	strax
1260	1260	ˈft͡ʃɛsnɨ
1264	1264	ˈvwasnɔɕt͡ɕ
1266	1266	ˈmartfɨ
1267	1267	ˈzbʲjɛrat͡ɕ
1269	1269	ˈʒɛka
1271	1271	ˈɕpʲjɛvat͡ɕ
1274	1274	ˈstraʃnɨ
1275	1275	ˈt͡ɕɛrpʲjɛ̇t͡ɕ
1276	1276	ɡɛ̃ˈnɛraw
1279	1279	ˈpʲjɛpʃɨt͡ɕ
1282	1282	ˈɔdʲɲɛ̇ɕt͡ɕ
1283	1283	ˈvʲjɔ̃w̃zat͡ɕ
1284	1284	ˈpɔɡlɔ̃nt
1285	1285	ˌuʒɔ̃nˈd͡zɛ̃ɲɛ
1286	1286	dɔˈstavat͡ɕ
1287	1287	ˈjakɔɕt͡ɕ
1288	1289	karʲˈjɛra
1289	1290	ˈkuxʲɲa
1291	1292	ˈfʃɛ̃ɲd͡ʑɛ
1293	1294	ˈxɛ̃ntʲɲɛ
1294	1295	kɔ̃ˈɲɛt͡ʃnɨ
1296	1297	ˈbɔlɛt͡ɕ
1304	1304	kɔ̃ˈɲɛt͡ʃnɔɕt͡ɕ
1305	1305	ˈrad͡ʑit͡ɕ
1307	1307	ˌpʃɨɡɔtɔˈvɨvat͡ɕ
1311	1311	vruk
1313	1313	ˈbʲilɛt
1315	1315	ɔˈt͡sɛ̃ɲät͡ɕ
1317	1318	nɔs
1320	1321	d͡ʑɛ̇ˈd͡ʑĩna
1321	1322	ˈbʲjɛdnɨ
1323	1324	kɔ̃ˈmurka
1325	1326	ˌɡwɔsɔˈvãɲɛ
1326	1327	ɔˈfʲit͡sɛr
1327	1328	kfʲjat
1329	1330	ˈuxɔ
1331	1332	mawˈʒɛ̃j̃stfɔ
1333	1334	ˌdɛt͡sɨˈdɔvat͡ɕ
1334	1335	ˈbapʲt͡ɕa
1335	1336	xãnˈdlɔvɨ
1336	1337	ˌadmʲĩɲiˈstrat͡sʲja
1339	1340	maˈʃɨ̃na
1340	1341	kɔˈlɛjka
1345	1346	ˈpustɨ
1346	1347	ˈzdrɔvɨ
1348	1349	t͡sɨˈvʲilnɨ
1350	1351	plat͡s
1352	1353	ˌũmʲjɛ̇ˈjɛ̃ntnɔɕt͡ɕ
1354	1356	ˈɛɡɔ
1355	1357	prɔˈdut͡sɛ̃nt
1356	1358	pɔˈjɛ̇̃ɲt͡ɕɛ
1357	1359	ˈwatfɨ
1358	1360	zʲjaˈvʲiskɔ
1360	1362	ũˈmʲjɛrat͡ɕ
1362	1366	tɨw
1364	1368	ˈbrɔ̃ɲit͡ɕ
1367	1371	vʲjɛ̇ɕt͡ɕ
1369	1373	fspuwˈt͡ʃɛsnɨ
1371	1375	trɨp
1374	1378	mʲjɛ̇jsˈt͡sɔvɨ
1375	1379	mʲjɛ̇jsˈt͡sɔvɨ
1376	1380	vraˈʒɛ̃ɲɛ
1377	1381	ˈzdɔ̃w̃ʒɨt͡ɕ
1378	1382	zãˈmʲcɲɛ̃ntɨ
1379	1383	ˈnadzur
1381	1385	ˈsɔ̃w̃ɕat
1386	1391	aˈkurat
1387	1392	aˈkurat
1388	1393	aˈkurat
1389	1394	ˈkturɨɕ
1391	1396	ɟĩmˈnazʲjũm
1392	1397	ˈlɛkt͡sʲja
1393	1398	ˈdata
1394	1399	bʲjɛk
1395	1400	ˌɔṭʃɨ̃ˈmɨvat͡ɕ
1396	1401	bʲjɛt͡s
1399	1404	ˈd͡ʑɛlʲit͡ɕ
1400	1405	ˈsɛrvʲis
1401	1406	awˈtɔbus
1402	1407	ˌrɛprɛzɛ̃nˈtɔvat͡ɕ
1407	1412	ˈrɨba
1412	1417	ˈrãna
1416	1421	uˈkrɨvat͡ɕ
1418	1423	ˈʒɨt͡ʃɨt͡ɕ
1425	1429	ˈzãmɛk
1427	1431	ˈnapʲis
1429	1433	ˈrɔskas
1430	1434	ˈkɔ̃ntrakt
1431	1435	ɔdˈnalɛɕt͡ɕ
1432	1436	ˈrɔlʲɲik
1436	1440	zaˈbʲijät͡ɕ
1437	1441	ˌpɔpuˈlarnɨ
1439	1443	ˈusta
1440	1444	ˈtãɲi
1441	1445	pãˈnɔvat͡ɕ
1444	1448	kʃtawt
1445	1449	ˌuṭʃɨ̃ˈmɨvat͡ɕ
1447	1451	ˈɔbrut
1448	1452	ɔtʲˈt͡ɕĩnɛk
1449	1453	ˌzdɛt͡sɨdɔˈvãɲɛ
1450	1454	ɛ̃ˈmɔt͡sʲja
1452	1456	bɔk
1453	1457	ˈrɔd͡ʑit͡s
1456	1460	ɔˈbud͡ʑit͡ɕ
1458	1462	tɛst
1459	1463	uˈt͡ʃɛlʲɲa
1461	1465	sɛks
1462	1466	ˈcĩnɔ
1464	1468	maˈjɔ̃ntɛk
1466	1470	ˈt͡sɛxa
1468	1472	zdrɔˈvɔtnɨ
1469	1473	ˌprɔt͡sɛˈdura
1470	1474	ˈt͡ʃɔwɔ
1471	1475	ˌkɔ̃ntrɔˈlɔvat͡ɕ
1472	1476	bɔˈ<sup>j</sup>iskɔ
1473	1477	ɕɛ̇ˈd͡ʑiba
1474	1478	ˈzblʲiʒat͡ɕ
1475	1479	pʃɛˈbɨvat͡ɕ
1478	1482	ˈɔstrɨ
1480	1484	ɡɔˈrɔ̃nt͡sɨ
1481	1485	ˈũmɨsw̥
1482	1486	ˈkartka
1484	1488	tɛˈɔrʲja
1486	1490	ˈpʲjɔ̃ntɨ
1488	1492	ˈvɨstɛ̃mp
1492	1495	pɔdˈlɛɡat͡ɕ
1498	1501	ˈplɛt͡sɨ
1502	1505	ɔˈbɛjʒɛt͡ɕ
1505	1508	ˌpɔ̃ɲɛ̇ˈd͡ʑawɛk
1507	1510	rɛˈakt͡sʲja
1510	1512	bʒɛk
1511	1513	ˈfʲĩnaw
1518	1520	zdaˈʒɛ̃ɲɛ
1519	1521	ˈxaswɔ
1524	1526	ˌdɔskɔ̃ˈnawɨ
1527	1529	zaˈbavnɨ
1529	1531	vɔˈjɛ̃nːɨ
1531	1533	ˈcɕɛ̃ŋɡa
1535	1537	ˌɛduˈkat͡sʲja
1536	1538	uˈt͡ʃut͡ɕɛ
1538	1540	ˈuɕmʲjɛx
1542	1544	pɔˈruʃat͡ɕ
1543	1545	ˌpɔɕɛˈd͡zɛ̃ɲɛ
1546	1549	rɨˈsũnɛk
1547	1550	arˈɡũmɛ̃nt
1548	1551	muˈzɨt͡ʃnɨ
1549	1552	t͡ɕɛ̇̃ɲ
1550	1553	ɲĩm
1551	1554	ˈt͡ɕɛ̃mnɨ
1553	1556	t͡sɔˈd͡ʑɛ̇̃ɲːɛ
1555	1558	ˈprasa
1556	1559	ˌɔṭʃkɔdɔˈvãɲɛ
1559	1563	ɛˈcipa
1560	1564	ˈɛwrɔ
1563	1567	pʃɨ̃ˈnɔɕit͡ɕ
1564	1568	ˈfala
1565	1569	vzrɔk
1566	1570	ˈmʲisʲja
1572	1576	pʃɛˈt͡ɕivʲɲik
1573	1577	dvaˈd͡ʑɛ̇ɕt͡ɕa
1575	1579	ˈt͡ɕiʃa
1576	1580	ˈt͡ɕiʃa
1578	1582	ˌpʃɨɡɔtɔˈvãɲɛ
1583	1587	ˈzɛʃwɨ
1587	1591	ˈlɛt͡ʃɨt͡ɕ
1590	1594	vʲjatr̥
1591	1596	fsxut
1592	1597	fsxut
1594	1599	ˈzmʲjɛʒat͡ɕ
1596	1601	vɨ̃ˈmʲjãna
1599	1604	ˌɔstaˈtɛt͡ʃnɨ
1600	1605	ʃt͡ʃɨt
1601	1606	lut
1606	1610	kãˈmɛra
1607	1611	ˈʒatkɔ
1608	1612	ˌbʲiblʲjɔˈtɛka
1609	1613	pɔˈftuʒɨt͡ɕ
1614	1618	d͡ʑaw
1616	1620	sɔ̃nˈdɔvɨ
1618	1622	ɛɡˈzãmʲĩn
1622	1626	ˌɔsɔˈbʲiɕt͡ɕɛ
1623	1627	ɔbˈrɔ̃j̃nt͡sa
1625	1629	ɔˈpɔvʲjɛ̇ɕt͡ɕ
1626	1630	ˌɔbʲjɛˈt͡sɨvat͡ɕ
1627	1631	ˈɛkspɛrt
1629	1633	ˌza<sup>j</sup>ĩntɛrɛsɔˈvãɲɛ
1631	1635	vʲjɛ̃w̃ˈʑɛ̇̃ɲɛ
1633	1637	ˌbɛspɔɕˈrɛdʲɲɔ
1634	1638	ˌatmɔˈsfɛra
1635	1639	ˈbrãma
1636	1640	ˌpɔzɨˈtɨvnɨ
1637	1641	ɡas
1644	1648	ˈutfur
1646	1650	ˈmɛdal
1648	1653	ˈspadɛk
1649	1654	pʃɛˈt͡ɕivnɨ
1650	1655	ˌɔɡrãɲiˈt͡ʃɛ̃ɲɛ
1651	1656	ˈɔɡrut
1656	1661	ɕɲɛk
1659	1664	vzur
1661	1666	rɛˈzultat
1663	1668	ˈpɔbɨt
1664	1669	ˌpɔʃuˈcivat͡ɕ
1668	1673	ˌɲɛsãmɔˈvʲitɨ
1669	1674	ˈswɔtʲci
1672	1677	ˈtɛxʲɲika
1674	1679	vɨ̃ˈmɨɕlʲit͡ɕ
1676	1681	ˈprɛzɛ̃nt
1678	1683	ˈxãndɛl
1679	1684	vus
1680	1685	ˌpɔkɔˈlɛ̃ɲɛ
1681	1686	sṭʃaw
1682	1687	dɔˈwɔ̃n͇t͡ʃɨt͡ɕ
1684	1689	ˌcɛdɨˈkɔlvʲjɛk
1685	1690	ɲɛˈzvɨkwɨ
1686	1691	pʲjɛrʲɕ
1687	1692	kʃɨʃ
1688	1693	ˈstafka
1690	1695	plʲik
1695	1701	d͡ʑvʲjɛ̃ŋk
1697	1703	pɔˈtɛ̃w̃ʒnɨ
1698	1706	ˈbʲiznɛs
1699	1707	ˌɔstaˈtɛt͡ʃʲɲɛ
1700	1708	ˈd͡ʑawka
1704	1714	ˈzbrɔdʲɲa
1707	1717	ɔtˈxɔd͡ʑit͡ɕ
1708	1718	ˈfpravʲd͡ʑɛ
1709	1719	ˈkula
1710	1721	ˈfabrɨka
1712	1723	ˈkwãmat͡ɕ
1713	1724	vɨˈkazat͡ɕ
1715	1727	narˈkɔtɨk
1716	1728	dɔˈrɔswɨ
1717	1729	dɔˈrɔswɨ
1718	1730	ˈʑĩmnɨ
1719	1731	xɛ̃ɲt͡ɕ
1726	1738	uˈd͡ʑɛlat͡ɕ
1729	1741	ɡaˈbʲĩnɛt
1730	1742	ˈmɨlʲit͡ɕ
1731	1743	ˈvɛjɕt͡ɕɛ
1734	1746	ˈdupa
1738	1751	ˌarɛˈʃtɔvat͡ɕ
1739	1752	ˈstraʃʲɲɛ
1741	1754	ʃaˈlɔ̃nɨ
1743	1756	ˌɔskarˈʒɔ̃nɨ
1745	1758	ˈpawat͡s
1748	1762	pɔˈblʲiʒɛ
1755	1769	ˈpɔdːat͡ɕ
1756	1770	ˈpravʲɲik
1757	1771	ˈsɛktɔr
1760	1775	ˌuluˈbʲjɔ̃nɨ
1761	1776	vɨˈpwata
1763	1779	vɨˈɕiwɛk
1766	1782	ˈpapʲjɛʃ
1775	1792	fspɔ̃mʲˈɲɛ̇̃ɲɛ
1777	1794	ˈmasa
1778	1795	ˈmasa
1779	1796	vʲiˈd͡zɛ̃ɲɛ
1780	1797	ˌɔtpɔˈvʲjɛdʲɲɔ
1781	1799	ˌpɔwɔ̃n͇ˈt͡ʃɛ̃ɲɛ
1782	1800	ɲɛˈdwuɡɔ
1786	1804	pas
1787	1805	pas
1788	1806	lɔt
1789	1807	plãˈnɛta
1793	1811	ˈfajnɨ
1798	1816	ˈmnustfɔ
1804	1822	ˈrãnːɨ
1805	1823	ˈkrad͡ʑɛʃ
1806	1824	ˈcɛʃɛ̃ɲ
1810	1829	ˈvɨjɕt͡ɕɛ
1811	1830	ˌupravʲˈɲɛ̇̃ɲɛ
1812	1831	dɔˈtɨkat͡ɕ
1815	1834	ˈzwɔd͡ʑɛ̇j
1816	1835	ˈlatɔ
1818	1837	ʒart
1819	1838	zaˈjɛ̃ntɨ
1822	1842	ciˈlɔ̃mɛtr̥
1823	1843	ˌɲɛspɔˈd͡ʑãŋka
1826	1847	ˈruvnɨ
1831	1852	sãˈmɔtnɨ
1835	1856	zɛˈvnɛ̃nṭʃnɨ
1838	1859	ɡwɛ̃mˈbɔkɔ
1841	1862	ˌĩntɛrɛsuˈjɔ̃nt͡sɨ
1842	1863	ˈɕilʲɲik
1844	1865	ɔrˈɡãɲism̥
1845	1866	ˌprɔvaˈd͡zɛ̃ɲɛ
1846	1867	ˈɔpʲis
1849	1870	ˌsɛksuˈ<sup>w</sup>alnɨ
1855	1877	ˈʃt͡ʃɛʒɛ
1857	1879	mɔˈdlʲitfa
1862	1885	xa
1864	1887	ˈlɛcːi
1865	1888	ɡrat͡ʃ
1866	1889	tɨ̃m
1869	1892	t͡sut
1870	1893	ˈɕmʲjɛʃnɨ
1876	1898	ˈɛkrãn
1877	1899	nuʃ
1883	1905	zmɛ̃n͇ˈt͡ʃɔ̃nɨ
1884	1906	ˈdũmnɨ
1889	1911	ˈpɛwʲɲit͡ɕ
1890	1912	ˈpɔt͡ʃta
1891	1913	ˌpɔwudʲˈɲɔvɨ
1892	1915	ˌpʃɨjäˈt͡ɕuwka
1894	1917	ˈmarka
1895	1918	tɔˈvaʒɨʃ
1897	1920	ˈsmutnɨ
1902	1925	ˈnastruj
1907	1930	ktɔˈkɔlvʲjɛk
1912	1935	zɔˈstavʲjät͡ɕ
1917	1940	ɲɛˈznãnɨ
1918	1941	kɔ̃nt
1919	1942	ˈd͡ʑura
1923	1946	ˈzwɔtɔ
1924	1947	ˈmapa
1927	1950	pɔˈrut͡ʃʲɲik
1928	1952	puˈblʲit͡ʃnɔɕt͡ɕ
1932	1956	ˌvɨɔˈbraʒat͡ɕ
1935	1959	pʲilˈnɔvat͡ɕ
1946	1971	ˌfprɔvaˈd͡zɛ̃ɲɛ
1947	1972	zaˈwɔɡa
1951	1976	pʃut
1953	1978	uˈtrata
1957	1982	mɔrˈdɛrstfɔ
1966	1991	zaˈlɛʒnɔɕt͡ɕ
1973	1998	ˈtalɛ̃nt
1974	1999	maˈɡazɨ̃n
1978	2003	kɔt
1980	2005	ˈwɔ̃n͇t͡ʃʲɲɛ
1988	2013	ˈtajnɨ
1991	2016	ˈzɛrvat͡ɕ
1992	2017	ˈfpwɨvat͡ɕ
1998	2023	vʲiˈdɔt͡ʃnɨ
2001	2026	ˈskarɡa
2005	2030	xwɔp
2007	2032	ˌɔɡrãˈɲit͡ʃat͡ɕ
2008	2033	dɔˈvutt͡sa
2009	2034	ˈmɛ̃w̃sʲci
2019	2045	ˈkũmpɛl
2021	2048	ˈfpʲisat͡ɕ
2024	2051	ˈzɡɔdnɨ
2029	2056	ʒaˈwɔvat͡ɕ
2030	2057	ˈzdɔlnɨ
2031	2058	ɡʒɛx
2034	2061	ˈsxɔdɨ
2035	2062	t͡sɨkl̥
2037	2064	ˈrɔvɛr
2039	2066	ˌvɨkɔ̃ˈnãɲɛ
2041	2068	ˈvʲiɕɛ̇t͡ɕ
2045	2072	ˈvʲĩnɔ
2051	2079	ˈpʃɛ̃mɔt͡s
2052	2080	ˌpɔʃuciˈvãɲɛ
2053	2081	t͡ɕfʲiˈt͡ʃɛ̃ɲɛ
2054	2082	vɨˈṭʃɨ̃mat͡ɕ
2058	2086	ˈnɔt͡snɨ
2060	2089	prɛ̃ˈmʲjɛra
2064	2093	uˈt͡ɕɛt͡ʃka
2068	2098	ˌtɛ̃mpɛraˈtura
2070	2101	pʲiˈjãnɨ
2071	2102	pʲiˈjãnɨ
2073	2104	rɛˈalnɨ
2075	2106	ˌvɨjäɕˈɲɛ̇̃ɲɛ
2080	2112	zaˈrazɛ̃m
2081	2113	ˌɔɕfʲjaṭˈt͡ʃɛ̃ɲɛ
2084	2116	ˌɔpʲiˈsɨvat͡ɕ
2086	2119	ˈtɛ̃mpɔ
2087	2120	ˈsɛkt͡sʲja
2089	2123	ˌurɔˈd͡ʑĩnɨ
2090	2125	ˌpɔrɔzũˈmʲjɛ̇̃ɲɛ
2091	2126	ˈvɨɡlɔ̃nt
2095	2131	ˈʑĩmnɔ
2096	2132	ˈʑĩmnɔ
2098	2136	znaˈjɔ̃mɔɕt͡ɕ
2103	2141	ˈzɡubʲit͡ɕ
2104	2142	ɔdˈlɛɡwɔɕt͡ɕ
2108	2146	ˌpɔlʲiˈt͡sɨjnɨ
2115	2153	uˈbrãɲɛ
2117	2155	ˈrɔzmʲjar
2118	2156	ˈbʲitfa
2119	2157	ˈavãw̃s
2120	2158	fawˈʃɨvɨ
2126	2165	puwˈnɔt͡snɨ
2127	2166	zãˈmuvʲit͡ɕ
2128	2167	ˈsalɔ̃n
2134	2173	waˈʑɛ̃nka
2136	2175	lɔtʲˈɲiskɔ
2137	2176	skɔk
2146	2187	struj
2154	2196	ˌfɔtɔˈɡrafʲja
2156	2198	mɔrˈdɛrt͡sa
2161	2204	ˈvʲjɛʒa
2164	2207	lɛ̃ŋk
2166	2209	kɔ̃ˈmɛ̃ntaʃ
2168	2211	ˈfskaʑɲik
2178	2221	ˌɲɛ̃naˈvʲid͡ʑit͡ɕ
2180	2224	ˈt͡ɕɛ̃mnɔɕt͡ɕ
2181	2225	ˌatrakˈt͡sɨjnɨ
2183	2227	ˈʃarɨ
2184	2228	tɔr
2185	2229	ˌaktuˈ<sup>w</sup>alnɨ
2186	2230	ˈtatuɕ
2188	2232	ˈt͡ɕfʲit͡ʃɨt͡ɕ
2193	2237	ũˈmuvʲit͡ɕ
2198	2242	ˈnɔvɔ
2200	2244	ˈvɛ̃ŋʲɟɛl
2202	2246	ˈvʲĩnːɨ
2203	2247	pʃɨˈɡɔda
2213	2256	dwuk
2216	2259	ˈprɛ̃ntkɔɕt͡ɕ
2218	2261	ʃɛˈrɔkɔ
2219	2262	vɨˈprava
2222	2265	ɔjˈt͡ʃɨzna
2223	2266	uˈpadɛk
2224	2267	ˈrɛjɛstr̥
2230	2274	lut
2232	2276	akˈtɨvnɔɕt͡ɕ
2239	2284	pɔˈvɨʒɛj
2240	2285	ˈkwãmstfɔ
2245	2290	ˈzmarwɨ
2248	2293	adˈvɔkat
2251	2296	zajɕt͡ɕ
2252	2297	ˈskʃɨdwɔ
2254	2299	zaˈbujstfɔ
2255	2300	zvɨˈt͡ɕɛ̃w̃st͡sa
2257	2302	maˈlɔvat͡ɕ
2268	2314	ĩw̃ˈstɨtut
2270	2316	ˈɲɛzbɨt
2271	2317	ˌapsɔˈlutʲɲɛ
2278	2326	ˈcɕɛ̃w̃ʒɨt͡s
2286	2336	tfɔˈʒɛ̃ɲɛ
2289	2339	ˈpɔkwat
2295	2346	ˌzaṭʃɨ̃ˈmɨvat͡ɕ
2297	2348	ˈwadʲɲɛ
2301	2352	ˈlɛva
2304	2355	ˌdɛ̃nɛrˈvɔvat͡ɕ
2305	2356	ˈɡɔdnɨ
2323	2376	ˈtrujka
2324	2377	ˈpɔrtfɛl
2326	2379	ˈɔtkɔ̃nt
2329	2382	d͡ʑɛ̇ˈt͡ɕĩj̃stfɔ
2337	2392	iˈstʲɲɛ̇̃ɲɛ
2338	2393	ˈɕudmɨ
2341	2396	ɡaˈlɛrʲja
2345	2400	ˌpɔɡɔˈtɔvʲjɛ
2353	2410	ˈtrava
2356	2413	ˈpʲilɔt
2357	2414	ˈtɛ̃ndɨ
2361	2418	ˈludnɔɕt͡ɕ
2365	2422	ɔˈstrɔʒʲɲɛ
2367	2424	ˈrɔzbʲit͡ɕ
2375	2432	ˈstɔlʲik
2376	2433	ˌtɛlɛˈvʲizɔr
2380	2438	ˌsãmɔxɔˈdɔvɨ
2384	2442	ˈstatus
2386	2445	ˈbasɛ̃n
2394	2453	zaˈpalʲit͡ɕ
2398	2458	ˈrɔt͡ʃʲɲɛ
2402	2462	ˈmɔda
2404	2464	ˈbʲjurkɔ
2414	2474	ˌt͡ɕɛ̃w̃ʒaˈrufka
2416	2476	ˈfsparʲt͡ɕɛ
2420	2480	rɔˈbɔtʲɲik
2423	2483	dɔˈkwadnɨ
2431	2493	ˌpʃɛtstaˈvʲjɛ̇̃ɲɛ
2432	2494	pɔˈdvujnɨ
2435	2498	ˈplaʒa
2437	2500	ˌpɔt͡ʃɔ̃ntˈkɔvɔ
2438	2501	rɔt͡ʃʲˈɲit͡sa
2440	2503	ˈmʲilʲjart
2446	2509	krɔ̃ŋk
2449	2512	kɔˈʃula
2454	2518	pɔrt
2456	2520	pɔˈɛzʲja
2457	2521	ˈdvɔʒɛt͡s
2464	2529	ˌɲɛvɔ̃ntˈplʲivʲjɛ
2467	2532	ˈt͡ɕixɨ
2472	2537	tɔʃˈsãmɔɕt͡ɕ
2476	2541	ˌruvnɔˈt͡ʃɛɕɲɛ
2477	2542	ˌvʲizɛˈrũnɛk
2481	2546	pʃɛ̃ˈnɔɕit͡ɕ
2482	2547	frɔ̃nt
2485	2550	ˈt͡sɨtat
2487	2553	ˈwaska
2505	2574	ˈpʲjasɛk
2507	2576	naˈprava
2509	2579	vʲilk
2511	2581	pʃɨˈɕɛ̃ŋɡat͡ɕ
2516	2586	ˈd͡ʑɛ̇̃ɲːɛ
2528	2599	ɲɛˈpɔkuj
2534	2605	ˈstalɛ
2544	2617	ˈvarta
2545	2618	ˌlabɔraˈtɔrʲjũm
2547	2620	ˈt͡sucɛr
2553	2626	ˈt͡ɕɛ̃w̃ʒar
2555	2628	ˌkfalʲifʲiˈkat͡sʲja
2562	2635	ˈjasnɔ
2569	2642	ˈt͡sɛla
2572	2645	ˈɔdːɛx
2574	2647	ˈvɨrvat͡ɕ
2580	2654	ˈpɔɡʒɛp
2585	2659	znaˈt͡ʃɔ̃nt͡sɨ
2590	2664	ˌɔbʲjɛtʲˈɲit͡sa
2603	2680	ˌza<sup>w</sup>uˈfãɲɛ
2608	2685	pɔ̃ˈnɔvnɨ
2611	2688	pɔˈfstãɲɛ
2613	2691	ˌĩntɛrprɛˈtat͡sʲja
2616	2694	zwɔ
2619	2698	ˌɔʒɛˈt͡ʃɛ̃ɲɛ
2626	2706	lɛˈt͡ʃɛ̃ɲɛ
2627	2707	ˈɕadat͡ɕ
2633	2713	ˈɕt͡ɕiɕlɛ
2638	2718	wɛp
2642	2722	ˌɔɡwɔˈʃɛ̃ɲɛ
2644	2725	ˈbrãmkaʃ
2645	2726	ˈpʃɛkas
2648	2729	ˈvɔrɛk
2652	2733	ˈkrɔva
2659	2740	ˈxɔ̃nɔr
2664	2745	ˈmʲĩna
2665	2746	ˌpɔpuˈlarnɔɕt͡ɕ
2669	2750	kʃɨk
2671	2752	ˌɔfʲiˈt͡sʲjalʲɲɛ
2672	2753	ˈɔʒɛw
2673	2754	ˈmʲjɛʃat͡ɕ
2676	2758	pʃɛˈstavat͡ɕ
2685	2768	ˈdvujka
2689	2772	ˌawtɔˈstrada
2697	2781	ˈvʲd͡ʑɛ̃n͇t͡ʃnɨ
2711	2795	kɔˈxãnɨ
2712	2796	kɔˈxãnɨ
2718	2802	ˌɔdrɔˈbʲĩna
2721	2805	vɨˈpɛwʲɲät͡ɕ
2722	2807	ˈsɛrʲjal
2730	2817	ˈpasʲja
2732	2819	kruˈlɛstfa
2733	2819	kruˈlɛstfɔ
2740	2826	naˈpastʲɲik
2745	2831	ˈjäjkɔ
2747	2833	ɡɔˈtufka
2748	2834	pʃɛ̃ˈmʲjãna
2754	2840	pɔˈdãɲɛ
2755	2841	spʃɛˈdaft͡sa
2757	2843	ˌmɛdɨˈt͡sɨ̃na
2758	2844	ˈpwat͡sa
2767	2852	ˌɛkspɛˈrɨ̃mɛ̃nt
2771	2856	suˈcɛ̃nka
2772	2857	zaˈswuɡa
2775	2860	ɲɛˈʃt͡ʃɛ̃w̃ɕt͡ɕɛ
2777	2862	bʒux
2778	2863	ˌruvnɔˈvaɡa
2781	2867	arˈxʲivũm
2787	2874	ˈdɛska
2788	2875	ˈwafka
2793	2880	ˈkɔstka
2799	2886	ˈɲit͡ʃɨ̃m
2800	2887	ˈɲit͡ʃɨ̃m
2801	2888	ˈzaɕɛ̃ŋk
2802	2889	ˈpʃɛɡlɔ̃nt
2803	2890	ˌvɨkɔ̃nɨˈvãɲɛ
2805	2892	ˌɔpãˈnɔvat͡ɕ
2817	2904	ˈnapʃut
2818	2905	ˈnapʃut
2820	2907	ɡwɔ̃mp
2821	2908	ˈmɛbɛl
2822	2909	ˌɛ̃mɔt͡sʲjɔ̃ˈnalnɨ
2831	2918	lɛˈkarstfɔ
2838	2926	d͡ʑɛ̇ˈɕɔ̃ntka
2839	2927	ˈzapas
2840	2928	kluˈt͡ʃɔvɨ
2841	2929	ˈdɔba
2843	2931	ˌɲɛdaˈlɛkɔ
2847	2935	ˌzatrudʲˈɲɛ̇̃ɲɛ
2853	2941	ˌsatɨˈsfakt͡sʲja
2857	2945	ˈvwatt͡sa
2858	2946	kɔʃ
2860	2948	ˌzãmuˈvʲjɛ̇̃ɲɛ
2862	2950	ˈkɔpʲja
2864	2952	ˈdrãmat
2868	2957	kɔˈlũmna
2870	2959	zaˈpwata
2885	2975	uˈznãɲɛ
2887	2977	naˈstavʲit͡ɕ
2888	2978	ˈd͡ʑɛ̇jɛ
2890	2980	ˈnapat
2892	2982	ˈt͡ɕastɔ
2893	2983	ˈswabɔɕt͡ɕ
2894	2984	ˈsmutɛk
2916	3007	taˈksufka
2921	3012	ˈlɛdvɔ
2922	3013	ˈlɛdvɔ
2923	3014	ˈlɛdvɔ
2925	3016	ˌɲɛpɔˈṭʃɛbnɨ
2929	3020	ĩw̃ˈstrukt͡sʲja
2933	3025	ˈlustrɔ
2935	3027	ˈmʲila
2938	3033	dɨsk
2947	3042	ˈzaʃt͡ʃɨt
2950	3045	ˈlɛdvʲjɛ
2951	3046	ˈlɛdvʲjɛ
2952	3047	ˈlɛdvʲjɛ
2955	3050	ˈzɛ̃msta
2956	3051	pwɛt͡ɕ
2958	3053	ˈɔstrɔ
2962	3057	ˈdãma
2964	3060	ˈmwɔdɔɕt͡ɕ
2967	3063	ˈɡɔdnɔɕt͡ɕ
2972	3069	ˌpʃɛt͡ɕiˈvʲjɛ̇̃j̃stfɔ
2973	3070	ˈzajʒɛt͡ɕ
2974	3072	ˈpɔrtrɛt
2981	3080	ˈswuʃʲɲɛ
2982	3081	ˈswuʃʲɲɛ
2984	3083	t͡ɕɛrˈpʲjɛ̇̃ɲɛ
2985	3084	ˈkɔpat͡ɕ
2986	3085	ˈmaɟja
2990	3091	sɛrˈdɛt͡ʃʲɲɛ
2991	3092	ˈnaɟi
2994	3095	ˌstɔsɔˈvãɲɛ
2997	3099	vɨˈkʃtawʲt͡ɕit͡ɕ
3013	3117	ˌnaruˈʃɛ̃ɲɛ
3014	3118	ˈalarm
3023	3127	bɔˈlɛsnɨ
3024	3128	pɔˈkrɨvat͡ɕ
3038	3144	ˈrɨt͡sɛʃ
3041	3148	fskaˈzufka
3045	3153	ˈnapuj
3047	3156	skrut
3048	3157	mɨɕˈlɛ̃ɲɛ
3059	3170	ˈzvɨknɔ̃ɲt͡ɕ
3060	3171	ˈvʲĩnda
3061	3171	ˈvʲĩndɨ
3062	3172	ˈɕmʲjɛrʲd͡ʑɛ̇t͡ɕ
3065	3176	t͡ɕɔs
3070	3181	stfʲjɛrˈd͡zɛ̃ɲɛ
3074	3185	ˌɡratuˈlat͡sʲja
3081	3194	ˈɕlʲit͡ʃnɨ
3090	3203	ɛ̃ˈmʲisʲja
3096	3209	ˈpuwka
3098	3212	pʲjɛ̇̃ɲˈd͡ʑɛ̇ɕɔ̃nt
3099	3213	ˈpwut͡sɔ
3102	3217	lʲiɕt͡ɕ
3108	3223	pɔˈlɔvat͡ɕ
3113	3228	vɨˈɡɔdnɨ
3114	3229	pʃɛˈvaʒʲɲɛ
3115	3230	naˈɡrãɲɛ
3117	3232	pɔˈparʲt͡ɕɛ
3121	3236	ɔˈɡulʲɲɛ
3123	3239	ˈvzrastat͡ɕ
3132	3248	ˈstadɔ
3137	3257	ãmˈbʲit͡sʲja
3140	3259	ˌpravdɔpɔˈdɔbnɨ
3150	3269	ˌɲɛpɔˈkɔ<sup>j</sup>it͡ɕ
3151	3270	ɡwuˈpɔta
3153	3272	t͡ʃtɛrʲˈd͡ʑɛ̇ɕt͡ɕi
3156	3276	ˈmɛtal
3164	3285	ˌkɔ̃w̃sulˈtat͡sʲja
3168	3289	skɔ̃j̃n͇ˈt͡ʃɔ̃nɨ
3176	3297	pɔˈtɛ̃ŋɡa
3183	3306	vɨˈzvãɲɛ
3184	3307	trup
3187	3311	zaˈbʲitɨ
3189	3313	fũnt
3195	3320	ˈtũnɛl
3201	3326	naˈpʲjɛ̇̃ɲt͡ɕɛ
3204	3330	ˈtɨlnɨ
3209	3335	ˈmʲjɛ̃ŋʲci
3219	3346	ˈkwut͡ɕit͡ɕ
3221	3348	ˈbrɔda
3229	3358	sãˈmɔtnɔɕt͡ɕ
3233	3363	ˈpɔt͡ɕisk
3243	3377	ˈɡrɔʑba
3250	3384	ˈkurt͡ʃak
3251	3387	ˈmalaʃ
3256	3393	ˈzbʲjɔrʲɲik
3262	3401	ˌpɔdɛjˈʒɛ̃ɲɛ
3266	3405	ˌɲɛvwaɕˈt͡ɕivɨ
3270	3410	ɕfʲit
3301	3444	ˈxawas
3303	3446	ˌzɛzvɔˈlɛ̃ɲɛ
3308	3452	ˈruʒa
3316	3460	ˌɔdʲɲɛ̇ˈɕɛ̇̃ɲɛ
3327	3471	ˌvɨkʃtawˈt͡sɛ̃ɲɛ
3329	3473	naˈvzajɛ̃m
3339	3484	zmɨsw̥
3353	3502	pɔst
3356	3505	stal
3361	3510	kɔˈʃulka
3369	3519	kaˈvʲjarʲɲa
3371	3522	zɛˈbrãɲɛ
3397	3554	t͡ɕɛrˈplʲivɔɕt͡ɕ
3399	3559	ˈzɛɡar
3407	3566	ˈbãnda
3410	3569	t͡ʃɨˈtãɲɛ
3414	3574	pʃɨˈt͡ɕɔ̃ŋɡat͡ɕ
3416	3577	ɕɲaˈdãɲɛ
3432	3593	kɔˈrupt͡sʲja
3435	3596	ˈpʲjɛ̃ŋknɔ
3439	3600	ˈkɔ̃mpʲjɛl
3441	3602	ˈzmʲɲɛ̇jʃat͡ɕ
3444	3605	ɡãŋk
3454	3617	kaˈlɛ̃ndaʃ
3461	3624	ˈprɛsʲja
3466	3629	ˌlɔkalʲiˈzat͡sʲja
3476	3640	ɡust
3484	3650	ˈɛra
3485	3651	ˌidɛ̃nˈtɨt͡ʃnɨ
3501	3670	ˈklʲĩɲika
3503	3675	ˈpaxʲɲɛ̇t͡ɕ
3504	3676	ˈpʃɛbʲit͡ɕ
3508	3680	ˈtalɛʃ
3515	3688	ĩmˈpɛrʲjũm
3517	3690	ˈplãma
3521	3695	ˈɛxɔ
3523	3697	kɔ̃nˈdɨt͡sʲja
3536	3712	mɔ̃ˈnɛta
3547	3726	ˈwɔ̃n͇t͡ʃnɔɕt͡ɕ
3551	3730	ɔˈʃustfɔ
3564	3746	ˈudɔ
3577	3761	ɔdˈvrɔtʲɲɛ
3582	3766	ˈɟɲazdɔ
3585	3769	t͡ɕɔ̇̃ɲt͡ɕ
3586	3770	a ɛs
3587	3770	as
3595	3781	ˌpʃɛznaˈt͡ʃɛ̃ɲɛ
3597	3783	baˈwaɡãn
3611	3801	ˈt͡ʃɨstɔɕt͡ɕ
3614	3805	ˈt͡ɕɛ̃mnɔ
3622	3816	kɔ̃mˈpãɲja
3641	3840	pɔˈduʃka
3652	3853	ʒɔ̃ˈnatɨ
3662	3865	ˈpʃɔdɛk
3667	3871	raˈtũnɛk
3670	3874	ˈkuzɨ̃n
3677	3884	ˈflɔta
3686	3894	zazˈdrɔsnɨ
3690	3898	ɡɔˈrɔ̃n͇t͡ʃka
3696	3905	ˈvʲjɛt͡ʃʲɲɛ
3710	3921	pʃɨˈdatnɨ
3729	3945	uˈrɔt͡ʃɨ
3733	3950	ˈlʲĩna
3739	3958	ˈbaɡaʃ
3747	3968	ˈwapa
3751	3972	ɔˈpɔ̃na
3752	3973	ˈnãmʲjɔt
3757	3978	pʲjɛpʃ
3764	3986	vʲiˈdɔvʲɲa
3779	4006	ɡvawt
3782	4009	ˈfspuwt͡ʃut͡ɕ
3785	4012	ˈnarta
3786	4013	zwɔˈʒɛ̃ɲɛ
3788	4015	lʲitr̥
3812	4042	vnuk
3815	4046	ˈpwatnɔɕt͡ɕ
3819	4053	ˈbɛstʲja
3832	4073	kfaˈtɛra
3841	4084	vzaˈjɛ̃mʲɲɛ
3852	4096	pɔˈtrava
3854	4098	ˈtãɲɔ
3867	4113	pwɨ̃n
3869	4115	ˈpʲjɔ̃ntka
3879	4127	krɛ̃ŋˈɡɔswup
3881	4131	ˈdvʲjɛ̇ɕt͡ɕɛ
3887	4137	trɔ̃n
3895	4146	zaˈtɔka
3931	4188	uˈpʃɛjmɨ
3935	4195	ˌpɔdɔˈbʲjɛ̇̃j̃stfɔ
3952	4218	ˈmʲjɛ̇̃ɲɛ
3961	4227	ˌzaãŋɡaʒɔˈvãɲɛ
3967	4233	ˈmʲilɛ
3971	4239	ˈduɕit͡ɕ
3984	4252	tlɛ̃n
4011	4285	ˈsṭʃawa
4029	4307	ˌɔprɔɡrãmɔˈvãɲɛ
4030	4308	ˈɔdɡwɔs
4035	4313	ˈvdɔva
4037	4315	ba
4038	4316	ba
4039	4317	ba
4057	4338	ˌɔbʒɨˈdlʲivɨ
4058	4339	ˈstarɔɕt͡ɕ
4078	4362	ˌpɔwɔˈʒɛ̃ɲɛ
4088	4376	bɨ̃ˈnajmʲɲɛ̇j
4089	4377	bɨ̃ˈnajmʲɲɛ̇j
4098	4388	ˈɔsa
4105	4397	vart
4117	4413	ˈmʲĩnus
4118	4414	ˈmʲĩnus
4124	4423	ˈzazdrɔɕt͡ɕ
4133	4433	ˈruvnat͡ɕ
4141	4441	pɔˈsada
4159	4465	ˌpɔtfʲjɛrˈd͡zɛ̃ɲɛ
4160	4466	pɔt
4165	4471	ˌvʲitãˈmʲĩna
4171	4478	ˈʃafka
4173	4480	ˌvʲidɔˈvʲiskɔ
4194	4503	zaˈɕilat͡ɕ
4202	4514	ˈzajɔ̃nt͡s
4231	4547	ˈtɛxʲɲik
4245	4562	ɔtˈkrɨt͡ɕɛ
4249	4566	lɛf
4290	4622	ˈtfʲjɛrd͡za
4364	4714	ˈvrɔta
4369	4719	zaˈlɛɡwɔɕt͡ɕ
4394	4748	ˈʃatãn
4415	4774	zrɔˈbʲjɛ̇̃ɲɛ
4421	4781	zaˈbrãɲät͡ɕ
4448	4817	ˌpɔlɔˈvãɲɛ
4453	4823	ɕɛˈd͡zɛ̃ɲɛ
4464	4835	ˌpɔxɔˈd͡zɛ̃ɲɛ
4491	4868	ˈwatfɔɕt͡ɕ
4500	4879	awt
4531	4918	ɡɔlf
4533	4921	tɔrt
4564	4961	ˈrɔbɔt
4569	4968	t͡sɨrk
4608	5011	ˈkfadrãw̃s
4632	5043	lʲis
4637	5048	buj
4643	5054	ˌbwɔɡɔswaˈvʲjɛ̇̃j̃stfɔ
4657	5072	ɔdˈːãɲɛ
4700	5123	ˈt͡ɕɛ̇̃ɲt͡ɕɛ
4730	5162	pɔˈɕadwɔɕt͡ɕ
4738	5172	ˌjɛdɛ̃ˈnaɕt͡ɕɛ
4759	5198	ɲɛˈzvwɔt͡ʃʲɲɛ
4805	5258	ˈtrupa
4822	5281	t͡sɛˈlɔvɔ
4917	5404	ˈṭʃɨsta
4926	5414	ʃɛʑˈd͡ʑɛ̇ɕɔ̃nt
4965	5469	ˈdɔtɨk
5012	5524	znat
5037	5555	ˌvɨraˈʒɛ̃ɲɛ
5101	5638	pɔˈʒɔ̃ndʲɲɛ
5107	5647	lʲi
5126	5677	pʃɛˈt͡ʃut͡ɕɛ
5159	5716	fpuw
5310	5901	t͡sɛx
5382	6000	ˈdãɲɛ
5386	6004	ˈrɛ̃n͇t͡ʃʲɲɛ
5418	6046	ruʃ
5426	6057	ɔdˈbʲit͡ɕɛ
5476	6118	ˌɔɡlɔ̃nˈdãɲɛ
5491	6140	ˌpãnɔˈvãɲɛ
5493	6142	muˈvʲjɛ̇̃ɲɛ
5495	6144	ˌtwũmaˈt͡ʃɛ̃ɲɛ
5510	6161	frãŋk
5563	6233	prɨˈvatʲɲɛ
5606	6294	ˈnɔ̃w̃sɛ̃w̃s
5647	6349	sṭʃɛ̃mp
5844	6604	ˈmɔ̃nḍʒɛ
5887	6664	ˌnastaˈvʲjɛ̇̃ɲɛ
5914	6704	mat
6113	6978	ɡaˈdãɲɛ
6134	7006	ˈd͡ʑawɔ
6179	7064	kaˈratɛ
6323	7266	ˈswɔtkɔ
6362	7324	ˌĩmpɔ̃ˈnɔvat͡ɕ
6378	7351	blɔ̃nt
6462	7467	t͡ɕɛˈkavʲit͡ɕ
6499	7517	xa
6650	7722	ɡrãm
6662	7740	pɔˈkrɨva
6754	7862	ˈpɔwuf
6992	8204	ˈɕfʲita
7165	8458	ˈʒɨtɔ
7298	8647	ˈdɔla
7503	8950	ˈstrɔ<sup>j</sup>it͡ɕ
8340	10245	ɕat
8341	10246	ɕat
